Portal,Keyword,Site Link,S.No,e-Published Date,Closing Date,Opening Date,Title,Tender Ref No,Tender ID,Organisation Chain,Organisation Chain (Detail),Tender Reference Number,Withdrawal Allowed,Tender Type,Form Of Contract,General Technical Evaluation Allowed,ItemWise Technical Evaluation Allowed,Payment Mode,Is Multi Currency Allowed For BOQ,Is Multi Currency Allowed For Fee,Allow Two Stage Bidding,Tender Category,No. of Covers,Tender Fee (INR),Fee Payable To,Fee Payable At,Tender Fee Exemption Allowed,EMD Amount (INR),EMD through BG/ST or EMD Exemption Allowed,EMD Fee Type,EMD Percentage,EMD Payable To,EMD Payable At,Title (Detail),Work Description,NDA/Pre Qualification,Independent External Monitor/Remarks,Tender Value (INR),Effective Tender Value (INR),Value Source,Value Status,Product Category,Sub category,Contract Type,Bid Validity(Days),Period Of Work(Days),Location,Pincode,Pre Bid Meeting Place,Pre Bid Meeting Address,Pre Bid Meeting Date,Bid Opening Place,Should Allow NDA Tender,Allow Preferential Bidder,Published Date,Bid Opening Date,Document Download / Sale Start Date,Document Download / Sale End Date,Clarification Start Date,Clarification End Date,Bid Submission Start Date,Bid Submission End Date,Name,Address,Tender Folder Path,NIT PDF Path,ZIP File Path,ZIP Extracted Folder Path,Downloaded Files
https://wbtenders.gov.in,CONDUCTOR,https://wbtenders.gov.in/nicgep/app?component=%24DirectLink_0&page=FrontEndAdvancedSearchResult&service=direct&session=T&sp=SUmQQpsE4ojDdhPH0uad7GQ%3D%3D,Corrigendum Title,05-03-2026 11:00,08-04-2026 15:00,15-04-2026 15:00,"Procurement of ACSR DOG conductor for 33 KV overhead lines under EMOPH, STPS, WBPDCL",WBPDCL/STPS/NIT/E4332/25-26,2026_WBPDC_1015922_1,THE WEST BENGAL POWER DEVELOPMENT CORPORATION LTD.||SANTALDIH THERMAL POWER STATION (STPS),THE WEST BENGAL POWER DEVELOPMENT CORPORATION LTD.||SANTALDIH THERMAL POWER STATION (STPS),WBPDCL/STPS/NIT/E4332/25-26,Yes,Open Tender,Item Wise,No,Yes,Online,No,No,No,Goods,2,No,Nil,Nil,,"31,000",,fixed,,Nil,Nil,"Procurement of ACSR DOG conductor for 33 KV overhead lines under EMOPH, STPS, WBPDCL","Procurement of ACSR DOG conductor for 33 KV overhead lines under EMOPH, STPS, WBPDCL",Please refer Tender documents.,,,3100000,EMD x 100,derived_from_emd,Miscellaneous Goods,,Tender,120,90,"Admin Building,S.T.P.S,Santaldih,Purulia",723146,,,,"Admin Building,S.T.P.S,Santaldih,Purulia",No,No,05-03-2026 11:00,15-04-2026 15:00,05-03-2026 11:00,08-04-2026 15:00,,,05-03-2026 11:00,08-04-2026 15:00,GM STPS,"Admin Building,S.T.P.S,Santaldih,Purulia",C:\Users\Laser Power\Documents\New project\etenders_discovery_fresh\data\downloads\2026_WBPDC_1015922_1,C:\Users\Laser Power\Documents\New project\etenders_discovery_fresh\data\downloads\2026_WBPDC_1015922_1\2026_WBPDC_1015922_1-NIT.pdf,C:\Users\Laser Power\Documents\New project\etenders_discovery_fresh\data\downloads\2026_WBPDC_1015922_1\2026_WBPDC_1015922_1-ZIP.zip,C:\Users\Laser Power\Documents\New project\etenders_discovery_fresh\data\downloads\2026_WBPDC_1015922_1\2026_WBPDC_1015922_1-ZIP,"2026_WBPDC_1015922_1-NIT.pdf, 2026_WBPDC_1015922_1-ZIP, 2026_WBPDC_1015922_1-ZIP.zip"
https://wbtenders.gov.in,CABLE,https://wbtenders.gov.in/nicgep/app?component=%24DirectLink_0&page=FrontEndAdvancedSearchResult&service=direct&session=T&sp=SGkZvcWNFvu7z6nQ4h369Zw%3D%3D,Corrigendum Title,26-02-2026 09:00,07-04-2026 09:00,09-04-2026 09:00,"Procurement of 33/33 kV, UE, 3C x 185sqmm, XLPE Cable under EMOPH dept. at BkTPS",WBPDCL/BkTPS/OT/E4059/25-26,2026_WBPDC_1007573_1,THE WEST BENGAL POWER DEVELOPMENT CORPORATION LTD.||BAKRESWAR THERMAL POWER PROJECT (BkTPP),THE WEST BENGAL POWER DEVELOPMENT CORPORATION LTD.||BAKRESWAR THERMAL POWER PROJECT (BkTPP),WBPDCL/BkTPS/OT/E4059/25-26,Yes,Open Tender,Item Rate,No,No,Online,No,No,No,Goods,2,No,Nil,Nil,,"45,330",,fixed,,Nil,Nil,"Procurement of 33/33 kV, UE, 3C x 185sqmm, XLPE Cable under EMOPH dept. at BkTPS","Procurement of 33/33 kV, UE, 3C x 185sqmm, XLPE Cable under EMOPH dept. at BkTPS",Please refer Tender documents.,,,4533000,EMD x 100,derived_from_emd,Miscellaneous Goods,,Tender,180,120,Bakreswar Thermal Power Station,731104,Administrative Building,"Bakreswar Thermal Power Station P.O. - BkTPP, District - Birbhum Pin 731104, West Bengal, India",05-03-2026 16:00,Administrative Building,No,No,26-02-2026 09:00,09-04-2026 09:00,26-02-2026 10:00,07-04-2026 09:00,,,07-03-2026 16:00,07-04-2026 09:00,"General Manager, BkTPS.","Bakreswar Thermal Power Station P.O. - BkTPP, District - Birbhum Pin 731104, West Bengal, India",C:\Users\Laser Power\Documents\New project\etenders_discovery_fresh\data\downloads\2026_WBPDC_1007573_1,C:\Users\Laser Power\Documents\New project\etenders_discovery_fresh\data\downloads\2026_WBPDC_1007573_1\2026_WBPDC_1007573_1-NIT.pdf,C:\Users\Laser Power\Documents\New project\etenders_discovery_fresh\data\downloads\2026_WBPDC_1007573_1\2026_WBPDC_1007573_1-ZIP.zip,C:\Users\Laser Power\Documents\New project\etenders_discovery_fresh\data\downloads\2026_WBPDC_1007573_1\2026_WBPDC_1007573_1-ZIP,"2026_WBPDC_1007573_1-NIT.pdf, 2026_WBPDC_1007573_1-ZIP, 2026_WBPDC_1007573_1-ZIP.zip"
https://wbtenders.gov.in,LTAB,https://wbtenders.gov.in/nicgep/app?component=%24DirectLink_0&page=FrontEndAdvancedSearchResult&service=direct&session=T&sp=SV2SES8C5fXcyRkGLahF0Vg%3D%3D,Document Type,02-03-2026 14:00,01-04-2026 15:00,06-04-2026 15:30,P-68/2025-26/PC-III/LTABC,P-68/2025-26/PC-III/LTABC,2026_WBSED_1015452_1,WEST BENGAL STATE ELECTRICITY DISTRIBUTION CO. LTD||PROCUREMENT AND CONTRACTS,WEST BENGAL STATE ELECTRICITY DISTRIBUTION CO. LTD||PROCUREMENT AND CONTRACTS,P-68/2025-26/PC-III/LTABC,Yes,Open Tender,Tender cum Auction,No,Yes,Online,No,No,No,Goods,2,No,Nil,Nil,,"13,18,400",,fixed,,Nil,Nil,P-68/2025-26/PC-III/LTABC,1.1KV LT AB cable 3CX70 1CX16 1CX50 sq.mm.,Please refer Tender documents.,,"1,31,84,00,000",1318400000,Tender Value,direct,SUPPLY OF ELECTRICAL GOODS/EQUIPMENTS,,Tender,120,195,"Vidyut Bhavan(4th flr),BlockD,Sec-II,Bidhannagar",700091,"Vidyut Bhavan(4th floor), Block D,Sector-II,Bidhan","Vidyut Bhavan(4th floor), Block D,Sector-II,Bidhan",09-03-2026 12:00,"Vidyut Bhavan(4th flr),BlockD,Sec-II,Bidhannagar",No,No,02-03-2026 14:00,06-04-2026 15:30,02-03-2026 14:00,01-04-2026 15:00,,,10-03-2026 14:00,01-04-2026 15:00,CE_PC,"Vidyut Bhavan(4th floor), Block D,Sector-II,Bidhan",C:\Users\Laser Power\Documents\New project\etenders_discovery_fresh\data\downloads\2026_WBSED_1015452_1,C:\Users\Laser Power\Documents\New project\etenders_discovery_fresh\data\downloads\2026_WBSED_1015452_1\2026_WBSED_1015452_1-NIT.pdf,C:\Users\Laser Power\Documents\New project\etenders_discovery_fresh\data\downloads\2026_WBSED_1015452_1\2026_WBSED_1015452_1-ZIP.zip,C:\Users\Laser Power\Documents\New project\etenders_discovery_fresh\data\downloads\2026_WBSED_1015452_1\2026_WBSED_1015452_1-ZIP,"2026_WBSED_1015452_1-NIT.pdf, 2026_WBSED_1015452_1-ZIP, 2026_WBSED_1015452_1-ZIP.zip"
https://wbtenders.gov.in,LT ABC,https://wbtenders.gov.in/nicgep/app?component=%24DirectLink_0&page=FrontEndAdvancedSearchResult&service=direct&session=T&sp=SMxfwLYXcnz3OrtMRiKiq%2FQ%3D%3D,Document Type,16-03-2026 18:00,30-03-2026 18:00,02-04-2026 11:00,"Supply and Delivery of (i) 2500 NOS of LT ABC Suspension Clamp with Bracket (ii) 1000 NOS of LT ABC Dead End Clamp (iii) 3000 NOS of LT ABC Insulation Piercing Connector and (iv) 3500 NOS of EYE HOOK for Suspension and Anchoring Clamp, to Malda Divis",MLDD/e-Tender/ELEC/25-26/06,2026_WBSED_1022103_1,WEST BENGAL STATE ELECTRICITY DISTRIBUTION CO. LTD||MALDA ZONE||MALDA REGIONAL OFFICE||MALDA DIVISION,WEST BENGAL STATE ELECTRICITY DISTRIBUTION CO. LTD||MALDA ZONE||MALDA REGIONAL OFFICE||MALDA DIVISION,MLDD/e-Tender/ELEC/25-26/06,Yes,Open Tender,Item Rate,No,No,Online,No,No,No,Goods,2,No,Nil,Nil,,"38,600",,fixed,,Nil,Nil,"Supply and Delivery of (i) 2500 NOS of LT ABC Suspension Clamp with Bracket (ii) 1000 NOS of LT ABC Dead End Clamp (iii) 3000 NOS of LT ABC Insulation Piercing Connector and (iv) 3500 NOS of EYE HOOK for Suspension and Anchoring Clamp, to Malda Divis","Supply and Delivery of (i) 2500 NOS of LT ABC Suspension Clamp with Bracket (ii) 1000 NOS of LT ABC Dead End Clamp (iii) 3000 NOS of LT ABC Insulation Piercing Connector and (iv) 3500 NOS of EYE HOOK for Suspension and Anchoring Clamp, to Malda Divis",Please refer Tender documents.,,"19,30,000",1930000,Tender Value,direct,SUPPLY OF ELECTRICAL GOODS/EQUIPMENTS,,Tender,180,15,"Malda Divisional Stores, Malda, WBSEDCL",732101,,,,"Malda Division Office, WBSEDCL",No,No,16-03-2026 18:00,02-04-2026 11:00,16-03-2026 18:00,30-03-2026 18:00,,,16-03-2026 18:00,30-03-2026 18:00,"Divisional Manager, Malda Division, WBSEDCL","Ground Floor, WBSEDCL Administrative Building, Rabindra Avenue, English Bazar, Malda PIN 732101",C:\Users\Laser Power\Documents\New project\etenders_discovery_fresh\data\downloads\2026_WBSED_1022103_1,C:\Users\Laser Power\Documents\New project\etenders_discovery_fresh\data\downloads\2026_WBSED_1022103_1\2026_WBSED_1022103_1-NIT.pdf,C:\Users\Laser Power\Documents\New project\etenders_discovery_fresh\data\downloads\2026_WBSED_1022103_1\2026_WBSED_1022103_1-ZIP.zip,C:\Users\Laser Power\Documents\New project\etenders_discovery_fresh\data\downloads\2026_WBSED_1022103_1\2026_WBSED_1022103_1-ZIP,"2026_WBSED_1022103_1-NIT.pdf, 2026_WBSED_1022103_1-ZIP, 2026_WBSED_1022103_1-ZIP.zip"
https://wbtenders.gov.in,WOLF,https://wbtenders.gov.in/nicgep/app?component=%24DirectLink_0&page=FrontEndAdvancedSearchResult&service=direct&session=T&sp=SXEt9ADzlKouXbHc1qwKO6A%3D%3D,Document Type,02-03-2026 11:30,30-03-2026 15:30,02-04-2026 16:00,P-66/2025-26/PC-I/Wolf CHF,P-66/2025-26/PC-I/Wolf CHF,2026_WBSED_1015629_1,WEST BENGAL STATE ELECTRICITY DISTRIBUTION CO. LTD||PROCUREMENT AND CONTRACTS,WEST BENGAL STATE ELECTRICITY DISTRIBUTION CO. LTD||PROCUREMENT AND CONTRACTS,P-66/2025-26/PC-I/Wolf CHF,Yes,Open Tender,Item Wise,No,Yes,Online,No,No,No,Goods,2,No,Nil,Nil,,"30,100",,fixed,,Nil,Nil,P-66/2025-26/PC-I/Wolf CHF,Single Tension Hardware Fittings with Compression type dead end clamp for ACSR Wolf Conductor 150 Sq. mm,Please refer Tender documents.,,"3,01,00,000",30100000,Tender Value,direct,SUPPLY OF ELECTRICAL GOODS/EQUIPMENTS,,Tender,120,180,"Vidyut Bhavan(4th flr),BlockD,Sec-II,Bidhannagar",700091,"Vidyut Bhavan(4th floor), Block D,Sector-II,Bidhan","Vidyut Bhavan(4th floor), Block D,Sector-II,Bidhan",09-03-2026 12:00,"Vidyut Bhavan(4th flr),BlockD,Sec-II,Bidhannagar",No,No,02-03-2026 11:30,02-04-2026 16:00,02-03-2026 11:30,30-03-2026 15:30,,,09-03-2026 15:30,30-03-2026 15:30,CE_PC,"Vidyut Bhavan(4th flr),BlockD,Sec-II,Bidhannagar",C:\Users\Laser Power\Documents\New project\etenders_discovery_fresh\data\downloads\2026_WBSED_1015629_1,C:\Users\Laser Power\Documents\New project\etenders_discovery_fresh\data\downloads\2026_WBSED_1015629_1\2026_WBSED_1015629_1-NIT.pdf,C:\Users\Laser Power\Documents\New project\etenders_discovery_fresh\data\downloads\2026_WBSED_1015629_1\2026_WBSED_1015629_1-ZIP.zip,C:\Users\Laser Power\Documents\New project\etenders_discovery_fresh\data\downloads\2026_WBSED_1015629_1\2026_WBSED_1015629_1-ZIP,"2026_WBSED_1015629_1-NIT.pdf, 2026_WBSED_1015629_1-ZIP, 2026_WBSED_1015629_1-ZIP.zip"
https://jharkhandtenders.gov.in/nicgep/app,CABLE,https://jharkhandtenders.gov.in/nicgep/app?component=%24DirectLink_0&page=FrontEndAdvancedSearchResult&service=direct&session=T&sp=SBNY0w4khpfFnV9qvxyLBww%3D%3D,Document Type,16-04-2026 17:00,09-05-2026 17:00,11-05-2026 12:30,Procurement of HT Power cables at SRHP Sikidiri,55/PR/JUUNL/2025-26,2026_JSEB_110231_3,"JSEB||JUUNL||GENERAL MANAGER (TECHNICAL).||PROJECT MANAGER, SRHP, SIKIDIRI.","JSEB||JUUNL||GENERAL MANAGER (TECHNICAL).||PROJECT MANAGER, SRHP, SIKIDIRI.",55/PR/JUUNL/2025-26,No,Open Tender,Buy,No,No,Online,No,No,No,Goods,2,Yes,Nil,Nil,,"70,100",,fixed,,Nil,Nil,Procurement of HT Power cables at SRHP Sikidiri,Procurement of HT Power cables at SRHP Sikidiri,Please refer Tender documents.,,,7010000,EMD x 100,derived_from_emd,Electrical Work/ Equipment,,Tender,180,,SRHP Sikidiri,835219,,,,Office of the Project Manager,No,No,16-04-2026 17:00,11-05-2026 12:30,16-04-2026 17:05,09-05-2026 17:00,,,16-04-2026 17:05,09-05-2026 17:00,Project Manager,Office of the Project Manager SRHP Sikidiri,C:\Users\SERVER\Documents\NEW PROJECT\etenders_discovery_fresh\data\downloads\2026_JSEB_110231_3,C:\Users\SERVER\Documents\NEW PROJECT\etenders_discovery_fresh\data\downloads\2026_JSEB_110231_3\2026_JSEB_110231_3-NIT.pdf,C:\Users\SERVER\Documents\NEW PROJECT\etenders_discovery_fresh\data\downloads\2026_JSEB_110231_3\2026_JSEB_110231_3-ZIP.zip,C:\Users\SERVER\Documents\NEW PROJECT\etenders_discovery_fresh\data\downloads\2026_JSEB_110231_3\2026_JSEB_110231_3-ZIP,"2026_JSEB_110231_3-NIT.pdf, 2026_JSEB_110231_3-ZIP, 2026_JSEB_110231_3-ZIP.zip"
https://jharkhandtenders.gov.in/nicgep/app,BCD EinC,https://jharkhandtenders.gov.in/nicgep/app?component=%24DirectLink&page=FrontEndViewTender&service=direct&session=T&sp=S3sA0gPRU65DiPNBTqpwW%2Fg%3D%3D,Document Type,18-04-2026 16:30,25-04-2026 15:00,27-04-2026 15:30,"e-Quotation for Contruction of Weigh Bridge and Operator Room with 1000 MT and 1500MT Godown at Palojori and Mohanpur, at Deoghar",01/EE/BCD/ Deoghar/2026-27,2026_BCD_113116_1,"BCD EinC||BCD CE||BCD SE DUMKA||BCD EE, DEOGHAR.","BCD EinC||BCD CE||BCD SE DUMKA||BCD EE, DEOGHAR.",01/EE/BCD/ Deoghar/2026-27,No,Open Tender,Empanelment,No,No,Not Applicable,No,No,No,Goods,1,No,Nil,Nil,,0,,fixed,,Nil,Nil,"e-Quotation for Contruction of Weigh Bridge and Operator Room with 1000 MT and 1500MT Godown at Palojori and Mohanpur, at Deoghar","e-Quotation for Contruction of Weigh Bridge and Operator Room with 1000 MT and 1500MT Godown at Palojori and Mohanpur, at Deoghar",Please refer Tender documents.,,0,,Unknown,doubt_bad,Civil Construction Goods,,Empanelment,7,7,Deoghar,814112,,,,"e-procurement cell, E.E, BCD, Deoghar",No,No,18-04-2026 16:30,27-04-2026 15:30,18-04-2026 16:30,25-04-2026 15:00,,,18-04-2026 16:30,25-04-2026 15:00,Nodal Officer,"e-Procurement Cell, Office of The Executive Engineer, Building Construction Department, Building Division, Deoghar",C:\Users\SERVER\Documents\NEW PROJECT\etenders_discovery_fresh\data\downloads\2026_BCD_113116_1,C:\Users\SERVER\Documents\NEW PROJECT\etenders_discovery_fresh\data\downloads\2026_BCD_113116_1\2026_BCD_113116_1-NIT.pdf,C:\Users\SERVER\Documents\NEW PROJECT\etenders_discovery_fresh\data\downloads\2026_BCD_113116_1\2026_BCD_113116_1-ZIP.zip,C:\Users\SERVER\Documents\NEW PROJECT\etenders_discovery_fresh\data\downloads\2026_BCD_113116_1\2026_BCD_113116_1-ZIP,"2026_BCD_113116_1-NIT.pdf, 2026_BCD_113116_1-ZIP, 2026_BCD_113116_1-ZIP.zip"
https://jharkhandtenders.gov.in/nicgep/app,JSEB,https://jharkhandtenders.gov.in/nicgep/app?component=%24DirectLink&page=FrontEndViewTender&service=direct&session=T&sp=SdRUeJiAADVZTs%2Fsx2smraQ%3D%3D,Document Type,20-04-2026 17:10,07-05-2026 18:00,08-05-2026 18:05,13/PR/JBVNL/2026-27,13/PR/JBVNL/2026-27,2026_JSEB_113170_1,"JSEB||JBVNL||GM (COMMERCIAL), JBVNL.","JSEB||JBVNL||GM (COMMERCIAL), JBVNL.",13/PR/JBVNL/2026-27,No,Open Tender,Item Rate,No,No,Online,No,No,No,Goods,2,Yes,Nil,Nil,,"1,16,000",,fixed,,Nil,Nil,13/PR/JBVNL/2026-27,11 KV 3 Pin Type AB Switch 400 Amp,Please refer Tender documents.,,,11600000,EMD x 100,derived_from_emd,Electrical Work/ Equipment,,Tender,180,,Jharkhand,834004,,,,Online at JBVNL,No,No,20-04-2026 17:10,08-05-2026 18:05,20-04-2026 17:15,07-05-2026 18:00,,,20-04-2026 17:15,07-05-2026 18:00,General Manager Store and Purchase,Jharkhand Bijli Vitran Nigam Ltd.,C:\Users\SERVER\Documents\NEW PROJECT\etenders_discovery_fresh\data\downloads\2026_JSEB_113170_1,C:\Users\SERVER\Documents\NEW PROJECT\etenders_discovery_fresh\data\downloads\2026_JSEB_113170_1\2026_JSEB_113170_1-NIT.pdf,C:\Users\SERVER\Documents\NEW PROJECT\etenders_discovery_fresh\data\downloads\2026_JSEB_113170_1\2026_JSEB_113170_1-ZIP.zip,C:\Users\SERVER\Documents\NEW PROJECT\etenders_discovery_fresh\data\downloads\2026_JSEB_113170_1\2026_JSEB_113170_1-ZIP,"2026_JSEB_113170_1-NIT.pdf, 2026_JSEB_113170_1-ZIP, 2026_JSEB_113170_1-ZIP.zip"
https://jharkhandtenders.gov.in/nicgep/app,JSEB,https://jharkhandtenders.gov.in/nicgep/app?component=%24DirectLink&page=FrontEndViewTender&service=direct&session=T&sp=SfcoRRVDJKkrK7w%2BSCXtA6Q%3D%3D,Document Type,20-04-2026 17:00,07-05-2026 18:00,08-05-2026 18:05,12/PR/JBVNL/2026-27,12/PR/JBVNL/2026-27,2026_JSEB_113169_1,"JSEB||JBVNL||GM (COMMERCIAL), JBVNL.","JSEB||JBVNL||GM (COMMERCIAL), JBVNL.",12/PR/JBVNL/2026-27,No,Open Tender,Item Rate,No,No,Online,No,No,No,Goods,2,Yes,Nil,Nil,,"1,70,000",,fixed,,Nil,Nil,12/PR/JBVNL/2026-27,33 KV 3 Pin Type AB Switch 630 Amp,Please refer Tender documents.,,,17000000,EMD x 100,derived_from_emd,Electrical Work/ Equipment,,Tender,180,,Jharkhand,834004,,,,Online at JBVNL,No,No,20-04-2026 17:00,08-05-2026 18:05,20-04-2026 17:00,07-05-2026 18:00,,,20-04-2026 17:00,07-05-2026 18:00,General Manager Store and Purchase,Jharkhand Bijli Vitran Nigam Ltd.,C:\Users\SERVER\Documents\NEW PROJECT\etenders_discovery_fresh\data\downloads\2026_JSEB_113169_1,C:\Users\SERVER\Documents\NEW PROJECT\etenders_discovery_fresh\data\downloads\2026_JSEB_113169_1\2026_JSEB_113169_1-NIT.pdf,C:\Users\SERVER\Documents\NEW PROJECT\etenders_discovery_fresh\data\downloads\2026_JSEB_113169_1\2026_JSEB_113169_1-ZIP.zip,C:\Users\SERVER\Documents\NEW PROJECT\etenders_discovery_fresh\data\downloads\2026_JSEB_113169_1\2026_JSEB_113169_1-ZIP,"2026_JSEB_113169_1-NIT.pdf, 2026_JSEB_113169_1-ZIP, 2026_JSEB_113169_1-ZIP.zip"
https://jharkhandtenders.gov.in/nicgep/app,JSEB,https://jharkhandtenders.gov.in/nicgep/app?component=%24DirectLink&page=FrontEndViewTender&service=direct&session=T&sp=SQgPzz8NB5LMgWUQM%2BOdcDQ%3D%3D,Corrigendum Title,17-04-2026 17:30,05-05-2026 18:00,06-05-2026 18:05,18/PR/JBVNL/2026-27,18/PR/JBVNL/2026-27,2026_JSEB_113070_1,"JSEB||JBVNL||GM (COMMERCIAL), JBVNL.","JSEB||JBVNL||GM (COMMERCIAL), JBVNL.",18/PR/JBVNL/2026-27,No,Open Tender,Item Rate,No,No,Online,No,No,No,Goods,2,Yes,Nil,Nil,,"25,10,000",,fixed,,Nil,Nil,18/PR/JBVNL/2026-27,ISI marked ACSR Rabbit Conductor,Please refer Tender documents.,,,251000000,EMD x 100,derived_from_emd,Electrical Work/ Equipment,,Tender,180,,Jharkhand,834004,,,,Online at JBVNL,No,No,17-04-2026 17:30,06-05-2026 18:05,17-04-2026 17:35,05-05-2026 18:00,,,17-04-2026 17:35,05-05-2026 18:00,General Manager Store and Purchase,Jharkhand Bijli Vitran Nigam Ltd.,C:\Users\SERVER\Documents\NEW PROJECT\etenders_discovery_fresh\data\downloads\2026_JSEB_113070_1,C:\Users\SERVER\Documents\NEW PROJECT\etenders_discovery_fresh\data\downloads\2026_JSEB_113070_1\2026_JSEB_113070_1-NIT.pdf,C:\Users\SERVER\Documents\NEW PROJECT\etenders_discovery_fresh\data\downloads\2026_JSEB_113070_1\2026_JSEB_113070_1-ZIP.zip,C:\Users\SERVER\Documents\NEW PROJECT\etenders_discovery_fresh\data\downloads\2026_JSEB_113070_1\2026_JSEB_113070_1-ZIP,"2026_JSEB_113070_1-NIT.pdf, 2026_JSEB_113070_1-ZIP, 2026_JSEB_113070_1-ZIP.zip"
https://jharkhandtenders.gov.in/nicgep/app,JSEB,https://jharkhandtenders.gov.in/nicgep/app?component=%24DirectLink&page=FrontEndViewTender&service=direct&session=T&sp=SczXRCCZHU1GRmUyYwzpSNA%3D%3D,Corrigendum Title,17-04-2026 17:00,05-05-2026 18:00,06-05-2026 18:05,19/PR/JBVNL/2026-27,19/PR/JBVNL/2026-27,2026_JSEB_113059_1,"JSEB||JBVNL||GM (COMMERCIAL), JBVNL.","JSEB||JBVNL||GM (COMMERCIAL), JBVNL.",19/PR/JBVNL/2026-27,No,Open Tender,Item Rate,No,No,Online,No,No,No,Goods,2,Yes,Nil,Nil,,"17,96,000",,fixed,,Nil,Nil,19/PR/JBVNL/2026-27,ISI marked ACSR Dog Conductor,Please refer Tender documents.,,,179600000,EMD x 100,derived_from_emd,Electrical Work/ Equipment,,Tender,180,,Jharkhand,834004,,,,Online at JBVNL,No,No,17-04-2026 17:00,06-05-2026 18:05,17-04-2026 17:00,05-05-2026 18:00,,,17-04-2026 17:00,05-05-2026 18:00,General Manager Store and Purchase,Jharkhand Bijli Vitran Nigam Ltd.,C:\Users\SERVER\Documents\NEW PROJECT\etenders_discovery_fresh\data\downloads\2026_JSEB_113059_1,C:\Users\SERVER\Documents\NEW PROJECT\etenders_discovery_fresh\data\downloads\2026_JSEB_113059_1\2026_JSEB_113059_1-NIT.pdf,C:\Users\SERVER\Documents\NEW PROJECT\etenders_discovery_fresh\data\downloads\2026_JSEB_113059_1\2026_JSEB_113059_1-ZIP.zip,C:\Users\SERVER\Documents\NEW PROJECT\etenders_discovery_fresh\data\downloads\2026_JSEB_113059_1\2026_JSEB_113059_1-ZIP,"2026_JSEB_113059_1-NIT.pdf, 2026_JSEB_113059_1-ZIP, 2026_JSEB_113059_1-ZIP.zip"
https://eproc.punjab.gov.in,Department of Power,https://eproc.punjab.gov.in/nicgep/app?component=%24DirectLink&page=FrontEndViewTender&service=direct&session=T&sp=S8IzHBDnQFCUvagsG0oQOxA%3D%3D,Document Type,15-04-2026 10:00,15-05-2026 10:00,18-05-2026 10:00,For Supply of 1 Nos. Mini Truck/Van Mounted Single Phase cable Fault Locating Equipment suitable for locating Fault on 11 KV Cable Under DS Mohali Circle,"DyCE/DS Circle, Mohali/2026/FL16",2026_POWER_165997_1,Department of Power||Punjab State Power Corporation Limited||South Zone (DS)||Division - Mohali,Department of Power||Punjab State Power Corporation Limited||South Zone (DS)||Division - Mohali,"DyCE/DS Circle, Mohali/2026/FL16",Yes,Open Tender,Tender cum Auction,No,No,Online,No,No,No,Goods,3,No,Nil,Nil,,"3,60,000",,percentage,2.00%,Nil,Nil,For Supply of 1 Nos. Mini Truck/Van Mounted Single Phase cable Fault Locating Equipment suitable for locating Fault on 11 KV Cable Under DS Mohali Circle,For Supply of 1 Nos. Mini Truck/Van Mounted Single Phase cable Fault Locating Equipment suitable for locating Fault on 11 KV Cable Under DS Mohali Circle,Please refer Tender documents.,,"1,80,00,000",18000000,Tender Value,direct,Electrical Goods/Equipment,,Tender,120,,"DY. CHIEF ENGINEER, OPERATION CIRCLE, MOHALI",160055,,,,"OPERATION CIRCLE, MOHALI",No,No,15-04-2026 10:00,18-05-2026 10:00,15-04-2026 10:00,15-05-2026 10:00,,,15-04-2026 10:00,15-05-2026 10:00,"DY. CHIEF ENGINEER, OPERATION CIRCLE, MOHALI","OFFICE OF DY. CHIEF ENGINEER, OPERATION CIRCLE, MOHALI. At 220 KV Sub-Station, Ind. Area, Phase-7, Mohali, Tel No. 0172-2237990",C:\Users\SERVER\Documents\NEW PROJECT\etenders_discovery_fresh\data\downloads\2026_POWER_165997_1,C:\Users\SERVER\Documents\NEW PROJECT\etenders_discovery_fresh\data\downloads\2026_POWER_165997_1\2026_POWER_165997_1-NIT.pdf,C:\Users\SERVER\Documents\NEW PROJECT\etenders_discovery_fresh\data\downloads\2026_POWER_165997_1\2026_POWER_165997_1-ZIP.zip,C:\Users\SERVER\Documents\NEW PROJECT\etenders_discovery_fresh\data\downloads\2026_POWER_165997_1\2026_POWER_165997_1-ZIP,"2026_POWER_165997_1-NIT.pdf, 2026_POWER_165997_1-ZIP, 2026_POWER_165997_1-ZIP.zip"
https://eproc.punjab.gov.in,Department of Power,https://eproc.punjab.gov.in/nicgep/app?component=%24DirectLink&page=FrontEndViewTender&service=direct&session=T&sp=S86Rlqrld7pi0%2BetP971osw%3D%3D,Document Type,13-04-2026 16:15,23-04-2026 16:00,24-04-2026 12:30,QQ-274 for Telescopic FRP Ladders.,QQ-274 Telescopic FRP Ladders,2026_POWER_165949_1,Department of Power||Punjab State Power Corporation Limited||Material Management (MM)||PO - Conductor,Department of Power||Punjab State Power Corporation Limited||Material Management (MM)||PO - Conductor,QQ-274 Telescopic FRP Ladders,Yes,Open Tender,Tender cum Auction,No,No,Online,No,No,No,Goods,3,No,Nil,Nil,,"12,00,000",,fixed,,Nil,Nil,QQ-274 for Telescopic FRP Ladders.,Procurement of 1500 Nos. Insulated Telescopic FRP Ladders with carrier (minimum working length 6 meters) as per PSPCL specification No. QQ-274,As per Spec.,,,120000000,EMD x 100,derived_from_emd,Electrical Goods/Equipment,Telescopic FRP Ladders,Tender,120,365,Patiala,147001,,,,Patiala,No,No,13-04-2026 16:15,24-04-2026 12:30,13-04-2026 16:15,23-04-2026 16:00,,,13-04-2026 16:15,23-04-2026 16:00,CPO/MM,CPO/MM Head Office the mall road PSPCL Patiala.,C:\Users\SERVER\Documents\NEW PROJECT\etenders_discovery_fresh\data\downloads\2026_POWER_165949_1,C:\Users\SERVER\Documents\NEW PROJECT\etenders_discovery_fresh\data\downloads\2026_POWER_165949_1\2026_POWER_165949_1-NIT.pdf,C:\Users\SERVER\Documents\NEW PROJECT\etenders_discovery_fresh\data\downloads\2026_POWER_165949_1\2026_POWER_165949_1-ZIP.zip,C:\Users\SERVER\Documents\NEW PROJECT\etenders_discovery_fresh\data\downloads\2026_POWER_165949_1\2026_POWER_165949_1-ZIP,"2026_POWER_165949_1-NIT.pdf, 2026_POWER_165949_1-ZIP, 2026_POWER_165949_1-ZIP.zip"
https://eproc.punjab.gov.in,Department of Power,https://eproc.punjab.gov.in/nicgep/app?component=%24DirectLink&page=FrontEndViewTender&service=direct&session=T&sp=S8e2yFmBlK1dkBkjh2ZLz7g%3D%3D,Document Type,07-04-2026 17:30,07-05-2026 13:00,08-05-2026 12:30,QQ-271 MS Black Bolts with Nuts,QQ-271 MS Black Bolts with Nuts,2026_POWER_165419_1,Department of Power||Punjab State Power Corporation Limited||Material Management (MM)||PO - Conductor,Department of Power||Punjab State Power Corporation Limited||Material Management (MM)||PO - Conductor,QQ-271 MS Black Bolts with Nuts,Yes,Open Tender,Tender cum Auction,No,Yes,Online,No,No,No,Goods,3,No,Nil,Nil,,"2,00,000",,fixed,,Nil,Nil,QQ-271 MS Black Bolts with Nuts,Procurement of 104 MT ISI/PQM marked MS Black Hexagon Bolts with Nuts of assorted size conforming to IS 1363 and 1367 (with latest amendment) and PSPCL Specification.,As per Specification,,,20000000,EMD x 100,derived_from_emd,Electrical Goods/Equipment,Bolts with Nuts,Tender,120,365,Patiala,147001,,,,Patiala,No,No,07-04-2026 17:30,08-05-2026 12:30,07-04-2026 17:30,07-05-2026 13:00,,,07-04-2026 17:30,07-05-2026 13:00,CPO/MM,"CPO/MM, Head Office, The Mall Road PSPCL Patiala.",C:\Users\SERVER\Documents\NEW PROJECT\etenders_discovery_fresh\data\downloads\2026_POWER_165419_1,C:\Users\SERVER\Documents\NEW PROJECT\etenders_discovery_fresh\data\downloads\2026_POWER_165419_1\2026_POWER_165419_1-NIT.pdf,C:\Users\SERVER\Documents\NEW PROJECT\etenders_discovery_fresh\data\downloads\2026_POWER_165419_1\2026_POWER_165419_1-ZIP.zip,C:\Users\SERVER\Documents\NEW PROJECT\etenders_discovery_fresh\data\downloads\2026_POWER_165419_1\2026_POWER_165419_1-ZIP,"2026_POWER_165419_1-NIT.pdf, 2026_POWER_165419_1-ZIP, 2026_POWER_165419_1-ZIP.zip"
https://eproc.punjab.gov.in,Department of Power,https://eproc.punjab.gov.in/nicgep/app?component=%24DirectLink&page=FrontEndViewTender&service=direct&session=T&sp=Sene29z6x6GyBi0Cp9s5APg%3D%3D,Corrigendum Title,18-03-2026 09:00,04-05-2026 11:00,05-05-2026 11:00,TE No. 375 - 11kV VCBs,375/SS(D)-II,2026_POWER_163926_1,"Department of Power||Punjab State Power Corporation Limited||Transmission Systems (TS)||SS-I Cell, Patiala","Department of Power||Punjab State Power Corporation Limited||Transmission Systems (TS)||SS-I Cell, Patiala",375/SS(D)-II,Yes,Open Tender,Tender cum Auction,No,Yes,Online,No,No,No,Goods,3,No,Nil,Nil,,"20,00,000",,fixed,,Nil,Nil,TE No. 375 - 11kV VCBs,Procurement of 900 nos. 11kV VCB Panels (SCADA-Compatible),Please refer Tender documents.,,,200000000,EMD x 100,derived_from_emd,Electrical Goods/Equipment,,Tender,120,390,Patiala,147001,,,,Patiala,No,No,18-03-2026 09:00,05-05-2026 11:00,18-03-2026 09:00,04-05-2026 11:00,,,18-03-2026 09:00,04-05-2026 11:00,Dy.CE SS(D),"C1, Shakti Vihar, PSPCL, Patiala",C:\Users\SERVER\Documents\NEW PROJECT\etenders_discovery_fresh\data\downloads\2026_POWER_163926_1,C:\Users\SERVER\Documents\NEW PROJECT\etenders_discovery_fresh\data\downloads\2026_POWER_163926_1\2026_POWER_163926_1-NIT.pdf,C:\Users\SERVER\Documents\NEW PROJECT\etenders_discovery_fresh\data\downloads\2026_POWER_163926_1\2026_POWER_163926_1-ZIP.zip,C:\Users\SERVER\Documents\NEW PROJECT\etenders_discovery_fresh\data\downloads\2026_POWER_163926_1\2026_POWER_163926_1-ZIP,"2026_POWER_163926_1-NIT.pdf, 2026_POWER_163926_1-ZIP, 2026_POWER_163926_1-ZIP.zip"
https://etenders.gov.in,Bharat Sanchar Nigam Limited (Govt of India Enterprise),https://etenders.gov.in/eprocure/app?component=%24DirectLink&page=FrontEndViewTender&service=direct&session=T&sp=SRaKnuIMiWVJ%2BRed%2B9%2BX7HQ%3D%3D,Corrigendum Title,17-04-2026 18:45,01-05-2026 15:00,02-05-2026 15:00,Rate contract for Procurement of 1.2 Ant and Electronics,CGM/CNTX-S/CHI/MM/NIT-2 /VSAT -Ant and Elec/26-27 Dated 17-04-2026,2026_BSNL_275097_1,Bharat Sanchar Nigam Limited (Govt of India Enterprise)||Southern Telecom Projects||STP-MM||AGM MM O/o CGM STP,Bharat Sanchar Nigam Limited (Govt of India Enterprise)||Southern Telecom Projects||STP-MM||AGM MM O/o CGM STP,CGM/CNTX-S/CHI/MM/NIT-2 /VSAT -Ant and Elec/26-27 Dated 17-04-2026,Yes,Open Tender,Supply,No,No,Offline,No,No,No,Goods,2,Yes,BSNL,BSNL,,"14,10,710",,fixed,,AO(HQ CO) CGM STR BSNL,Chennai,Rate contract for Procurement of 1.2 Ant and Electronics,"Rate contract For procurement of 1.2 mtr dia Ku Band Vsat Antennae, IDUs , BUCs , DC-DC Adaptors and RG 6/11 Cables and Connectors",Please refer Tender documents.,,"7,05,35,547",70535547,Tender Value,direct,Electronics Equipment,,Tender,180,,PAN INDIA AS PER TENDER,560041,,,,Chennai,No,No,17-04-2026 18:45,02-05-2026 15:00,17-04-2026 18:55,01-05-2026 15:00,18-04-2026 09:00,22-04-2026 09:00,18-04-2026 10:00,01-05-2026 15:00,AGM (MM) O/o THE CGM CNTXS Chennai,"No 11, Link Road, Ganapathy Colony, Guindy Chennai 600032",C:\Users\SERVER\Documents\NEW PROJECT\etenders_discovery_fresh\data\downloads\2026_BSNL_275097_1,C:\Users\SERVER\Documents\NEW PROJECT\etenders_discovery_fresh\data\downloads\2026_BSNL_275097_1\2026_BSNL_275097_1-NIT.pdf,C:\Users\SERVER\Documents\NEW PROJECT\etenders_discovery_fresh\data\downloads\2026_BSNL_275097_1\2026_BSNL_275097_1-ZIP.zip,C:\Users\SERVER\Documents\NEW PROJECT\etenders_discovery_fresh\data\downloads\2026_BSNL_275097_1\2026_BSNL_275097_1-ZIP,"2026_BSNL_275097_1-NIT.pdf, 2026_BSNL_275097_1-ZIP, 2026_BSNL_275097_1-ZIP.zip"
https://etenders.gov.in,Cement Corporation of India Limted,https://etenders.gov.in/eprocure/app?component=%24DirectLink&page=FrontEndViewTender&service=direct&session=T&sp=ShoflDe4j7JX5qYrg85hv6g%3D%3D,Corrigendum Title,07-04-2026 10:30,28-04-2026 14:30,29-04-2026 15:00,Online electronic bids through Electronic Tendering System (ETS)/custom bid in two bid system are inviting the tenderer to participate in the tender for supply of Ungalvanised Flexible Steel wire rope,RCF/MM/299(24),2026_CCI_274107_1,Cement Corporation of India Limted||Rajban Cement Factory - CCI||Material Management - RCF - CCI,Cement Corporation of India Limted||Rajban Cement Factory - CCI||Material Management - RCF - CCI,RCF/MM/299(24),Yes,Open Tender,Supply,No,No,Not Applicable,No,No,No,Goods,2,No,Nil,Nil,,0,,fixed,,Nil,Nil,Online electronic bids through Electronic Tendering System (ETS)/custom bid in two bid system are inviting the tenderer to participate in the tender for supply of Ungalvanised Flexible Steel wire rope,Online electronic bids through Electronic Tendering System (ETS)/custom bid in two bid system are inviting the tenderer to participate in the tender for supply of Ungalvanised Flexible Steel wire rope,Please refer tender document,,,,Unknown,doubt_bad,Mechanical Tools and Equipment,,Tender,90,42,CCI RAJBAN,173029,,,,CCI RAJBAN,No,No,07-04-2026 10:30,29-04-2026 15:00,07-04-2026 10:30,28-04-2026 14:30,,,07-04-2026 10:30,28-04-2026 14:30,HODMM,CCI RAJBAN,C:\Users\SERVER\Documents\NEW PROJECT\etenders_discovery_fresh\data\downloads\2026_CCI_274107_1,C:\Users\SERVER\Documents\NEW PROJECT\etenders_discovery_fresh\data\downloads\2026_CCI_274107_1\2026_CCI_274107_1-NIT.pdf,C:\Users\SERVER\Documents\NEW PROJECT\etenders_discovery_fresh\data\downloads\2026_CCI_274107_1\2026_CCI_274107_1-ZIP.zip,C:\Users\SERVER\Documents\NEW PROJECT\etenders_discovery_fresh\data\downloads\2026_CCI_274107_1\2026_CCI_274107_1-ZIP,"2026_CCI_274107_1-NIT.pdf, 2026_CCI_274107_1-ZIP, 2026_CCI_274107_1-ZIP.zip"
https://etenders.gov.in,IRCON International Limited,https://etenders.gov.in/eprocure/app?component=%24DirectLink&page=FrontEndViewTender&service=direct&session=T&sp=ScTwlFyMazdXDrI%2Bfer%2Fgtw%3D%3D,Document Type,17-04-2026 18:00,23-04-2026 15:00,23-04-2026 15:30,IRCON/e-1500021/CA-233 L6 MMRDA/EHV CABLE/ST/03,IRCON/e-1500021/CA-233 L6 MMRDA/EHV CABLE/ST/03,2026_IRCON_275043_1,IRCON International Limited||Corporate Head Quarters-New Delhi - IRCON||Electrical - IRCON,IRCON International Limited||Corporate Head Quarters-New Delhi - IRCON||Electrical - IRCON,IRCON/e-1500021/CA-233 L6 MMRDA/EHV CABLE/ST/03,Yes,Single,Supply,No,No,Offline,No,No,No,Goods,1,No,Ircon International Limited,New Delhi,,"10,51,000",,fixed,,Ircon International Limited,New Delhi,IRCON/e-1500021/CA-233 L6 MMRDA/EHV CABLE/ST/03,"Design, Manufacture and Supply of 110kV EHV Cables for CA-233 Line-6 of Mumbai Metro Rail Project of MMRDA",Please refer Tender documents.,,"8,05,47,500",80547500,Tender Value,direct,Electrical Goods/Equipment,,Tender,90,17,Mumbai,400051,,,,New Delhi,No,No,17-04-2026 18:00,23-04-2026 15:30,17-04-2026 18:05,23-04-2026 15:00,,,18-04-2026 09:00,23-04-2026 15:00,CGM/Electrical,"Ircon International Limited, C-4, District Centre, Saket, New Delhi-110017",C:\Users\SERVER\Documents\NEW PROJECT\etenders_discovery_fresh\data\downloads\2026_IRCON_275043_1,C:\Users\SERVER\Documents\NEW PROJECT\etenders_discovery_fresh\data\downloads\2026_IRCON_275043_1\2026_IRCON_275043_1-NIT.pdf,C:\Users\SERVER\Documents\NEW PROJECT\etenders_discovery_fresh\data\downloads\2026_IRCON_275043_1\2026_IRCON_275043_1-ZIP.zip,C:\Users\SERVER\Documents\NEW PROJECT\etenders_discovery_fresh\data\downloads\2026_IRCON_275043_1\2026_IRCON_275043_1-ZIP,"2026_IRCON_275043_1-NIT.pdf, 2026_IRCON_275043_1-ZIP, 2026_IRCON_275043_1-ZIP.zip"
https://mahatenders.gov.in,Brihanmumbai Electric Supply and Transport Undertaking,https://mahatenders.gov.in/nicgep/app?component=%24DirectLink&page=FrontEndViewTender&service=direct&session=T&sp=Sv7nTBdP75pWK2nDUNvOepg%3D%3D,Document Type,17-04-2026 09:00,11-05-2026 16:00,13-05-2026 10:00,"Purchase of 1.1kV 4Cx2.5 sq.mm Flexible PT Cable with FRLS, PVC Insulation and 1.1kV 4Cx0.75 sq.mm Flexible CT Cable with FRLS, PVC Insulation",DMM(SB)/02/81599/2026-27/CL,2026_BEST_1294601_1,Brihanmumbai Electric Supply and Transport Undertaking||Materials Management Department Mumbai||Materials Management Department Kussara (S and B)||Supply and Building - I,Brihanmumbai Electric Supply and Transport Undertaking||Materials Management Department Mumbai||Materials Management Department Kussara (S and B)||Supply and Building - I,DMM(SB)/02/81599/2026-27/CL,Yes,Open Tender,Item Wise,No,Yes,Online,No,No,No,Goods,2,No,Nil,Nil,,0,,fixed,,Nil,Nil,"Purchase of 1.1kV 4Cx2.5 sq.mm Flexible PT Cable with FRLS, PVC Insulation and 1.1kV 4Cx0.75 sq.mm Flexible CT Cable with FRLS, PVC Insulation","Purchase of 1.1kV 4Cx2.5 sq.mm Flexible PT Cable with FRLS, PVC Insulation and 1.1kV 4Cx0.75 sq.mm Flexible CT Cable with FRLS, PVC Insulation",Please refer Tender documents.,,,,Unknown,doubt_bad,Electrical Goods,,Tender,90,,"MMD Stores, Kussara Depot, Mazgaon, Mumbai",400010,,,,"MMD, Kussara Depot, Mazgaon, Mumbai. 400010",No,No,17-04-2026 09:00,13-05-2026 10:00,17-04-2026 09:00,11-05-2026 16:00,,,17-04-2026 09:00,11-05-2026 16:00,DMM(SB)I,"MMD, Kussara Depot, Mazgaon, Mumbai. 400010",C:\Users\SERVER\Documents\NEW PROJECT\etenders_discovery_fresh\data\downloads\2026_BEST_1294601_1,C:\Users\SERVER\Documents\NEW PROJECT\etenders_discovery_fresh\data\downloads\2026_BEST_1294601_1\2026_BEST_1294601_1-NIT.pdf,C:\Users\SERVER\Documents\NEW PROJECT\etenders_discovery_fresh\data\downloads\2026_BEST_1294601_1\2026_BEST_1294601_1-ZIP.zip,C:\Users\SERVER\Documents\NEW PROJECT\etenders_discovery_fresh\data\downloads\2026_BEST_1294601_1\2026_BEST_1294601_1-ZIP,"2026_BEST_1294601_1-NIT.pdf, 2026_BEST_1294601_1-ZIP, 2026_BEST_1294601_1-ZIP.zip"
https://mahatenders.gov.in,Brihanmumbai Electric Supply and Transport Undertaking,https://mahatenders.gov.in/nicgep/app?component=%24DirectLink&page=FrontEndViewTender&service=direct&session=T&sp=Sl7%2BOzauoNDG8i5PV9nE7IA%3D%3D,Document Type,10-04-2026 09:00,27-04-2026 16:00,29-04-2026 09:00,PVC INSULATED FLEXIBLE SINGLE CORE WIRE,DMM(T-II)/04/81576/26-27/CL,2026_BEST_1293873_1,Brihanmumbai Electric Supply and Transport Undertaking||Materials Management Department Mumbai||Materials Management Department Dadar||Transport - II,Brihanmumbai Electric Supply and Transport Undertaking||Materials Management Department Mumbai||Materials Management Department Dadar||Transport - II,DMM(T-II)/04/81576/26-27/CL,Yes,Open Tender,Item Wise,No,No,Online,No,No,No,Goods,2,No,Nil,Nil,,0,,fixed,,Nil,Nil,PVC INSULATED FLEXIBLE SINGLE CORE WIRE,PVC INSULATED FLEXIBLE SINGLE CORE WIRE,Please refer Tender documents.,,,,Unknown,doubt_bad,Miscellaneous Works,,Tender,90,180,"DADAR, MUMBAI",400014,,,,"DADAR, MUMBAI",No,No,10-04-2026 09:00,29-04-2026 09:00,10-04-2026 09:00,27-04-2026 16:00,,,10-04-2026 09:00,27-04-2026 16:00,DMM(T-I),"DADAR, MUMBAI",C:\Users\SERVER\Documents\NEW PROJECT\etenders_discovery_fresh\data\downloads\2026_BEST_1293873_1,C:\Users\SERVER\Documents\NEW PROJECT\etenders_discovery_fresh\data\downloads\2026_BEST_1293873_1\2026_BEST_1293873_1-NIT.pdf,C:\Users\SERVER\Documents\NEW PROJECT\etenders_discovery_fresh\data\downloads\2026_BEST_1293873_1\2026_BEST_1293873_1-ZIP.zip,C:\Users\SERVER\Documents\NEW PROJECT\etenders_discovery_fresh\data\downloads\2026_BEST_1293873_1\2026_BEST_1293873_1-ZIP,"2026_BEST_1293873_1-NIT.pdf, 2026_BEST_1293873_1-ZIP, 2026_BEST_1293873_1-ZIP.zip"
https://mahatenders.gov.in,Brihanmumbai Electric Supply and Transport Undertaking,https://mahatenders.gov.in/nicgep/app?component=%24DirectLink&page=FrontEndViewTender&service=direct&session=T&sp=SSOERxci7vclO8mIREK98Vw%3D%3D,Document Type,03-04-2026 09:00,27-04-2026 16:00,29-04-2026 10:00,"33kV, 3C x 300 Sq.mm Copper Conductor, Dry Cured, Water Swellable T. R. XLPE Cable",DMM(SB)/02/81560/2025-26/ADVT,2026_BEST_1291800_1,Brihanmumbai Electric Supply and Transport Undertaking||Materials Management Department Mumbai||Materials Management Department Kussara (S and B)||Supply and Building - I,Brihanmumbai Electric Supply and Transport Undertaking||Materials Management Department Mumbai||Materials Management Department Kussara (S and B)||Supply and Building - I,DMM(SB)/02/81560/2025-26/ADVT,Yes,Open Tender,Item Wise,No,No,Online,No,No,No,Goods,2,No,Nil,Nil,,"5,00,000",,fixed,,Nil,Nil,"33kV, 3C x 300 Sq.mm Copper Conductor, Dry Cured, Water Swellable T. R. XLPE Cable","33kV, 3C x 300 Sq.mm Copper Conductor, Dry Cured, Water Swellable T. R. XLPE Cable",Please refer Tender documents.,,,50000000,EMD x 100,derived_from_emd,Miscellaneous Works,,Tender,180,,KUSSARA,400010,,,,KUSSARA,No,No,03-04-2026 09:00,29-04-2026 10:00,03-04-2026 09:00,27-04-2026 16:00,,,03-04-2026 09:00,27-04-2026 16:00,DMM(SB),KUSSARA,C:\Users\SERVER\Documents\NEW PROJECT\etenders_discovery_fresh\data\downloads\2026_BEST_1291800_1,C:\Users\SERVER\Documents\NEW PROJECT\etenders_discovery_fresh\data\downloads\2026_BEST_1291800_1\2026_BEST_1291800_1-NIT.pdf,C:\Users\SERVER\Documents\NEW PROJECT\etenders_discovery_fresh\data\downloads\2026_BEST_1291800_1\2026_BEST_1291800_1-ZIP.zip,C:\Users\SERVER\Documents\NEW PROJECT\etenders_discovery_fresh\data\downloads\2026_BEST_1291800_1\2026_BEST_1291800_1-ZIP,"2026_BEST_1291800_1-NIT.pdf, 2026_BEST_1291800_1-ZIP, 2026_BEST_1291800_1-ZIP.zip"
https://mahatenders.gov.in,Brihanmumbai Electric Supply and Transport Undertaking,https://mahatenders.gov.in/nicgep/app?component=%24DirectLink&page=FrontEndViewTender&service=direct&session=T&sp=SZ%2F0f%2F1Ek91fF%2FbbWQwp%2Fzg%3D%3D,Corrigendum Title,20-03-2026 09:00,27-04-2026 16:00,29-04-2026 10:00,1.1kV 4C X 300 Sq.mm Aluminium Conductor XLPE Cable,DMM(SB)/02/81514/2025-26/ADVT,2026_BEST_1287835_1,Brihanmumbai Electric Supply and Transport Undertaking||Materials Management Department Mumbai||Materials Management Department Kussara (S and B)||Supply and Building - I,Brihanmumbai Electric Supply and Transport Undertaking||Materials Management Department Mumbai||Materials Management Department Kussara (S and B)||Supply and Building - I,DMM(SB)/02/81514/2025-26/ADVT,Yes,Open Tender,Item Wise,No,No,Online,No,No,No,Goods,2,No,Nil,Nil,,"5,00,000",,fixed,,Nil,Nil,1.1kV 4C X 300 Sq.mm Aluminium Conductor XLPE Cable,1.1kV 4C X 300 Sq.mm Aluminium Conductor XLPE Cable,Please refer Tender documents.,,,50000000,EMD x 100,derived_from_emd,Miscellaneous Works,,Tender,180,,KUSSARA,400010,,,,KUSSARA,No,No,20-03-2026 09:00,29-04-2026 10:00,20-03-2026 09:00,27-04-2026 16:00,,,20-03-2026 09:00,27-04-2026 16:00,DMM(SB),KUSSARA,C:\Users\SERVER\Documents\NEW PROJECT\etenders_discovery_fresh\data\downloads\2026_BEST_1287835_1,C:\Users\SERVER\Documents\NEW PROJECT\etenders_discovery_fresh\data\downloads\2026_BEST_1287835_1\2026_BEST_1287835_1-NIT.pdf,C:\Users\SERVER\Documents\NEW PROJECT\etenders_discovery_fresh\data\downloads\2026_BEST_1287835_1\2026_BEST_1287835_1-ZIP.zip,C:\Users\SERVER\Documents\NEW PROJECT\etenders_discovery_fresh\data\downloads\2026_BEST_1287835_1\2026_BEST_1287835_1-ZIP,"2026_BEST_1287835_1-NIT.pdf, 2026_BEST_1287835_1-ZIP, 2026_BEST_1287835_1-ZIP.zip"
https://mahatenders.gov.in,Brihanmumbai Electric Supply and Transport Undertaking,https://mahatenders.gov.in/nicgep/app?component=%24DirectLink&page=FrontEndViewTender&service=direct&session=T&sp=SoNSnOSUFDCytTzojIYAE%2Fg%3D%3D,Corrigendum Title,20-03-2026 09:00,27-04-2026 16:00,29-04-2026 10:00,"1.1kV, 8C x 4 Sq.mm and 4C x 2.5 Sq.mm, Copper FRLS Control Cables",DMM(SB)/02/81503/2025-26/ADVT,2026_BEST_1287628_1,Brihanmumbai Electric Supply and Transport Undertaking||Materials Management Department Mumbai||Materials Management Department Kussara (S and B)||Supply and Building - I,Brihanmumbai Electric Supply and Transport Undertaking||Materials Management Department Mumbai||Materials Management Department Kussara (S and B)||Supply and Building - I,DMM(SB)/02/81503/2025-26/ADVT,Yes,Open Tender,Item Wise,No,Yes,Online,No,No,No,Goods,2,No,Nil,Nil,,"24,000",,fixed,,Nil,Nil,"1.1kV, 8C x 4 Sq.mm and 4C x 2.5 Sq.mm, Copper FRLS Control Cables","1.1kV, 8C x 4 Sq.mm and 4C x 2.5 Sq.mm, Copper FRLS Control Cables",Please refer Tender documents.,,,2400000,EMD x 100,derived_from_emd,Miscellaneous Works,,Tender,180,,KUSSARA,400010,,,,KUSSARA,No,No,20-03-2026 09:00,29-04-2026 10:00,20-03-2026 09:00,27-04-2026 16:00,,,20-03-2026 09:00,27-04-2026 16:00,DMM(SB),KUSSARA,C:\Users\SERVER\Documents\NEW PROJECT\etenders_discovery_fresh\data\downloads\2026_BEST_1287628_1,C:\Users\SERVER\Documents\NEW PROJECT\etenders_discovery_fresh\data\downloads\2026_BEST_1287628_1\2026_BEST_1287628_1-NIT.pdf,C:\Users\SERVER\Documents\NEW PROJECT\etenders_discovery_fresh\data\downloads\2026_BEST_1287628_1\2026_BEST_1287628_1-ZIP.zip,C:\Users\SERVER\Documents\NEW PROJECT\etenders_discovery_fresh\data\downloads\2026_BEST_1287628_1\2026_BEST_1287628_1-ZIP,"2026_BEST_1287628_1-NIT.pdf, 2026_BEST_1287628_1-ZIP, 2026_BEST_1287628_1-ZIP.zip"
https://mahatenders.gov.in,Maharashtra State Road Transport Corporation,https://mahatenders.gov.in/nicgep/app?component=%24DirectLink&page=FrontEndViewTender&service=direct&session=T&sp=Sv8Y8y1K0pYMddqXbByT7gQ%3D%3D,Corrigendum Title,10-03-2026 12:45,23-04-2026 15:00,27-04-2026 15:00,Welding Cable,Welding Cable,2025_MSRTC_1203826_1,Maharashtra State Road Transport Corporation||Central Office Mumbai||Stores and Purchase Department,Maharashtra State Road Transport Corporation||Central Office Mumbai||Stores and Purchase Department,Welding Cable,Yes,Open Tender,Item Rate,No,No,Online,No,No,No,Goods,2,Yes,Nil,Nil,,"95,000",,fixed,,Nil,Nil,Welding Cable,Welding Cable,Please refer Tender documents.,,"24,27,000",2427000,Tender Value,direct,Miscellaneous Works,,Tender,180,365,MUMBAI,400008,,,,MUMBAI,No,No,10-03-2026 12:45,27-04-2026 15:00,10-03-2026 12:45,23-04-2026 15:00,,,10-03-2026 12:45,23-04-2026 15:00,GM Stores and Purchase,"GM Stores and Purchase, Head Office, Mumbai-400008",C:\Users\SERVER\Documents\NEW PROJECT\etenders_discovery_fresh\data\downloads\2025_MSRTC_1203826_1,C:\Users\SERVER\Documents\NEW PROJECT\etenders_discovery_fresh\data\downloads\2025_MSRTC_1203826_1\2025_MSRTC_1203826_1-NIT.pdf,C:\Users\SERVER\Documents\NEW PROJECT\etenders_discovery_fresh\data\downloads\2025_MSRTC_1203826_1\2025_MSRTC_1203826_1-ZIP.zip,C:\Users\SERVER\Documents\NEW PROJECT\etenders_discovery_fresh\data\downloads\2025_MSRTC_1203826_1\2025_MSRTC_1203826_1-ZIP,"2025_MSRTC_1203826_1-NIT.pdf, 2025_MSRTC_1203826_1-ZIP, 2025_MSRTC_1203826_1-ZIP.zip"
https://tendersodisha.gov.in,Odisha Power Generation Corporation Limited,https://tendersodisha.gov.in/nicgep/app?component=%24DirectLink&page=FrontEndViewTender&service=direct&session=T&sp=SDZ8N6Pf%2B%2BGdf%2BKh%2Fha55Cw%3D%3D,Document Type,21-04-2026 17:00,04-05-2026 15:00,05-05-2026 15:30,Supply of PCRD and CCRD Cable,1100010818,2026_ITPS_128321_1,Odisha Power Generation Corporation Limited||IB Thermal Power Station,Odisha Power Generation Corporation Limited||IB Thermal Power Station,1100010818,Yes,Open Tender,Item Rate,No,No,Offline,No,No,No,Goods,2,No,Nil,Nil,,"28,000",,fixed,,BBSR,BBSR,Supply of PCRD and CCRD Cable,Supply of Cables,Please refer Tender documents.,,,2800000,EMD x 100,derived_from_emd,Miscellaneous Goods,Cables,Tender,180,60,ITPS BANHARPALI,768234,,,,ITPS BANHARPALI,No,No,21-04-2026 17:00,05-05-2026 15:30,21-04-2026 17:00,04-05-2026 15:00,21-04-2026 17:00,04-05-2026 12:00,21-04-2026 17:00,04-05-2026 15:00,MK MAHAPATRA,OPGC,C:\Users\SERVER\Documents\NEW PROJECT\etenders_discovery_fresh\data\downloads\2026_ITPS_128321_1,C:\Users\SERVER\Documents\NEW PROJECT\etenders_discovery_fresh\data\downloads\2026_ITPS_128321_1\2026_ITPS_128321_1-NIT.pdf,C:\Users\SERVER\Documents\NEW PROJECT\etenders_discovery_fresh\data\downloads\2026_ITPS_128321_1\2026_ITPS_128321_1-ZIP.zip,C:\Users\SERVER\Documents\NEW PROJECT\etenders_discovery_fresh\data\downloads\2026_ITPS_128321_1\2026_ITPS_128321_1-ZIP,"2026_ITPS_128321_1-NIT.pdf, 2026_ITPS_128321_1-ZIP, 2026_ITPS_128321_1-ZIP.zip"
https://tendersodisha.gov.in,Orissa Mining Corporation,https://tendersodisha.gov.in/nicgep/app?component=%24DirectLink&page=FrontEndViewTender&service=direct&session=T&sp=S%2BC91HKovniioNMlxhIPAJg%3D%3D,Document Type,15-04-2026 17:30,29-04-2026 15:00,29-04-2026 17:00,"Design, Manufacturer and Supply of Mobile Telescopic Platform Tiltable ladder for Barbil Region of OMC, Keonjhar.","OMC/E-PROC/CP/011/2026-27, Dtd 15/04/2026",2026_OMC_128148_1,Orissa Mining Corporation,Orissa Mining Corporation,"OMC/E-PROC/CP/011/2026-27, Dtd 15/04/2026",Yes,Limited,Item Rate,No,No,Online,No,No,No,Goods,1,No,Nil,Nil,,"22,500",,fixed,,Nil,Nil,"Design, Manufacturer and Supply of Mobile Telescopic Platform Tiltable ladder for Barbil Region of OMC, Keonjhar.","Design, Manufacturer and Supply of Mobile Telescopic Platform Tiltable ladder for Barbil Region of OMC, Keonjhar.",Please refer Tender documents.,,,2250000,EMD x 100,derived_from_emd,Miscellaneous Goods,,Tender,90,134,"Barbil Region of OMC, Keonjhar.",758035,,,,"OMC Ltd., OMC House, Bhubaneswar",No,No,15-04-2026 17:30,29-04-2026 17:00,15-04-2026 17:30,29-04-2026 15:00,,,15-04-2026 17:30,29-04-2026 15:00,Head(Contract and Procurement),"OMC Ltd., OMC House, Bhubaneswar",C:\Users\SERVER\Documents\NEW PROJECT\etenders_discovery_fresh\data\downloads\2026_OMC_128148_1,C:\Users\SERVER\Documents\NEW PROJECT\etenders_discovery_fresh\data\downloads\2026_OMC_128148_1\2026_OMC_128148_1-NIT.pdf,C:\Users\SERVER\Documents\NEW PROJECT\etenders_discovery_fresh\data\downloads\2026_OMC_128148_1\2026_OMC_128148_1-ZIP.zip,C:\Users\SERVER\Documents\NEW PROJECT\etenders_discovery_fresh\data\downloads\2026_OMC_128148_1\2026_OMC_128148_1-ZIP,"2026_OMC_128148_1-NIT.pdf, 2026_OMC_128148_1-ZIP, 2026_OMC_128148_1-ZIP.zip"
https://eproc.rajasthan.gov.in,Ajmer VVNL - MD,https://eproc.rajasthan.gov.in/nicgep/app?component=%24DirectLink&page=FrontEndViewTender&service=direct&session=T&sp=SsrpYkiMC1Csrm%2ByignEP3w%3D%3D,Document Type,16-04-2026 12:00,22-04-2026 14:00,23-04-2026 14:30,ISI MARKED TWO CORE LT PVC INSULATED AND PVC SHEATHED ARMOURED CABLE WITH ALUMINIUM CONDUCTOR OF SIZE 2CX4 SQ.MM.,TN-2109,2026_AVVNL_552094_1,Ajmer VVNL - MD||CE (MM and O and M)||SE - MM||AEN 6,Ajmer VVNL - MD||CE (MM and O and M)||SE - MM||AEN 6,TN-2109,Yes,Open Tender,Item Rate,No,No,Offline,No,No,No,Goods,3,No,SR. AO EA AND CASH AVVNL AJMER,Ajmer,,"28,00,000",,percentage,2.00%,SR. AO EA AND CASH AVVNL AJMER,Ajmer,ISI MARKED TWO CORE LT PVC INSULATED AND PVC SHEATHED ARMOURED CABLE WITH ALUMINIUM CONDUCTOR OF SIZE 2CX4 SQ.MM.,ISI MARKED TWO CORE LT PVC INSULATED AND PVC SHEATHED ARMOURED CABLE WITH ALUMINIUM CONDUCTOR OF SIZE 2CX4 SQ.MM.,PLEASE REFER TENDER DOCUMENTS,,"14,00,00,000",140000000,Tender Value,direct,Electrical Goods/Equipments,,Tender,120,270,O/O SE (MM) AVVNL AJMER,305004,,,,O/O SE (MM) AVVNL AJMER,No,No,16-04-2026 12:00,23-04-2026 14:30,16-04-2026 12:00,22-04-2026 14:00,16-04-2026 12:00,22-04-2026 13:00,16-04-2026 12:00,22-04-2026 14:00,SE (MM) AVVNL AJMER,"O/O SE (MM), AVVNL, VIDYUT BHAWAN, PANCHSHEEL NAGAR, MAKARWALI ROAD, AJMER",C:\Users\SERVER\Documents\NEW PROJECT\etenders_discovery_fresh\data\downloads\2026_AVVNL_552094_1,C:\Users\SERVER\Documents\NEW PROJECT\etenders_discovery_fresh\data\downloads\2026_AVVNL_552094_1\2026_AVVNL_552094_1-NIT.pdf,C:\Users\SERVER\Documents\NEW PROJECT\etenders_discovery_fresh\data\downloads\2026_AVVNL_552094_1\2026_AVVNL_552094_1-ZIP.zip,C:\Users\SERVER\Documents\NEW PROJECT\etenders_discovery_fresh\data\downloads\2026_AVVNL_552094_1\2026_AVVNL_552094_1-ZIP,"2026_AVVNL_552094_1-NIT.pdf, 2026_AVVNL_552094_1-ZIP, 2026_AVVNL_552094_1-ZIP.zip"
https://eproc.rajasthan.gov.in,Ajmer VVNL - MD,https://eproc.rajasthan.gov.in/nicgep/app?component=%24DirectLink&page=FrontEndViewTender&service=direct&session=T&sp=SRv%2B8E8nTs3GPVT6pjC%2Bhcw%3D%3D,Document Type,06-04-2026 17:00,29-04-2026 14:00,30-04-2026 15:00,Cable Jointing and Termination Kits For 33 KV and 11 KV XLPE Cables against Rate Contract for a period of Two Years,TN-2110,2026_AVVNL_550133_1,Ajmer VVNL - MD||CE (MM and O and M)||SE - MM||AEN 6,Ajmer VVNL - MD||CE (MM and O and M)||SE - MM||AEN 6,TN-2110,Yes,Open Tender,Item Rate,No,No,Offline,No,No,No,Goods,3,No,SR. AO EA AND CASH AVVNL AJMER and MD RISL AJMER,Ajmer,,"3,00,000",,percentage,2.00%,SR. AO EA AND CASH AVVNL AJMER,Ajmer,Cable Jointing and Termination Kits For 33 KV and 11 KV XLPE Cables against Rate Contract for a period of Two Years,Cable Jointing and Termination Kits For 33 KV and 11 KV XLPE Cables against Rate Contract for a period of Two Years,PLEASE REFER TENDER DOCUMENTS,,"1,50,00,000",15000000,Tender Value,direct,Electrical Goods/Equipments,Cable Jointing nTermination Kits For 33 KV n 11 K,Rate Contract,120,60,O/O SE (MM) AVVNL AJMER,305004,,,,O/O SE (MM) AVVNL AJMER,No,No,06-04-2026 17:00,30-04-2026 15:00,06-04-2026 17:00,29-04-2026 14:00,06-04-2026 17:00,29-04-2026 14:00,06-04-2026 17:00,29-04-2026 14:00,SE (MM) AVVNL AJMER,"O/O SE (MM), AVVNL, VIDYUT BHAWAN, PANCHSHEEL NAGAR, MAKARWALI ROAD, AJMER",C:\Users\SERVER\Documents\NEW PROJECT\etenders_discovery_fresh\data\downloads\2026_AVVNL_550133_1,C:\Users\SERVER\Documents\NEW PROJECT\etenders_discovery_fresh\data\downloads\2026_AVVNL_550133_1\2026_AVVNL_550133_1-NIT.pdf,C:\Users\SERVER\Documents\NEW PROJECT\etenders_discovery_fresh\data\downloads\2026_AVVNL_550133_1\2026_AVVNL_550133_1-ZIP.zip,C:\Users\SERVER\Documents\NEW PROJECT\etenders_discovery_fresh\data\downloads\2026_AVVNL_550133_1\2026_AVVNL_550133_1-ZIP,"2026_AVVNL_550133_1-NIT.pdf, 2026_AVVNL_550133_1-ZIP, 2026_AVVNL_550133_1-ZIP.zip"
https://eproc.rajasthan.gov.in,Ajmer VVNL - MD,https://eproc.rajasthan.gov.in/nicgep/app?component=%24DirectLink&page=FrontEndViewTender&service=direct&session=T&sp=SkFv6BjckT8d2Kwd3jWJYEg%3D%3D,Corrigendum Title,02-04-2026 17:00,29-04-2026 14:00,30-04-2026 14:30,ACSR Rabbit Conductor,TN-2107,2026_AVVNL_549666_1,Ajmer VVNL - MD||CE (MM and O and M)||SE - MM||AEN 6,Ajmer VVNL - MD||CE (MM and O and M)||SE - MM||AEN 6,TN-2107,Yes,Open Tender,Item Rate,No,No,Offline,No,No,No,Goods,3,No,SR. AO EA AND CASH AVVNL AJMER,Ajmer,,"4,24,00,000",,percentage,2.00%,SR. AO EA AND CASH AVVNL AJMER,Ajmer,ACSR Rabbit Conductor,ACSR Rabbit Conductor,PLEASE REFER TENDER DOCUMENTS,,"2,12,00,00,000",2120000000,Tender Value,direct,Electrical Goods/Equipments,,Tender,120,270,O/O SE (MM) AVVNL AJMER,305004,,,,O/O SE (MM) AVVNL AJMER,No,No,02-04-2026 17:00,30-04-2026 14:30,02-04-2026 17:00,29-04-2026 14:00,02-04-2026 17:00,29-04-2026 13:00,02-04-2026 17:00,29-04-2026 14:00,SE (MM) AVVNL AJMER,"O/O SE (MM), AVVNL, VIDYUT BHAWAN, PANCHSHEEL NAGAR, MAKARWALI ROAD, AJMER",C:\Users\SERVER\Documents\NEW PROJECT\etenders_discovery_fresh\data\downloads\2026_AVVNL_549666_1,C:\Users\SERVER\Documents\NEW PROJECT\etenders_discovery_fresh\data\downloads\2026_AVVNL_549666_1\2026_AVVNL_549666_1-NIT.pdf,C:\Users\SERVER\Documents\NEW PROJECT\etenders_discovery_fresh\data\downloads\2026_AVVNL_549666_1\2026_AVVNL_549666_1-ZIP.zip,C:\Users\SERVER\Documents\NEW PROJECT\etenders_discovery_fresh\data\downloads\2026_AVVNL_549666_1\2026_AVVNL_549666_1-ZIP,"2026_AVVNL_549666_1-NIT.pdf, 2026_AVVNL_549666_1-ZIP, 2026_AVVNL_549666_1-ZIP.zip"
https://eproc.rajasthan.gov.in,Ajmer VVNL - MD,https://eproc.rajasthan.gov.in/nicgep/app?component=%24DirectLink&page=FrontEndViewTender&service=direct&session=T&sp=SVU33UmpydSElHHTBZL3bvw%3D%3D,Corrigendum Title,16-03-2026 18:00,04-05-2026 14:00,05-05-2026 15:00,Supply of 7/8 SWG and 7/10 SWG STAY WIRE,TN-2108,2026_AVVNL_537497_1,Ajmer VVNL - MD||CE (MM and O and M)||SE - MM||AEN 6,Ajmer VVNL - MD||CE (MM and O and M)||SE - MM||AEN 6,TN-2108,Yes,Open Tender,Item Wise,No,No,Offline,No,No,No,Goods,3,No,SR. AO EA AND CASH AVVNL AJMER and MD RISL JAIPUR,Ajmer and Jaipur,,"20,80,000",,percentage,2.00%,SR. AO EA AND CASH AVVNL AJMER,Ajmer,Supply of 7/8 SWG and 7/10 SWG STAY WIRE,Supply of 7/8 SWG and 7/10 SWG STAY WIRE,PLEASE REFER TENDER DOCUMENTS,,"10,40,00,000",104000000,Tender Value,direct,Electrical Goods/Equipments,7/8 SWG and 7/10 SWG STAY WIRE,Tender,120,270,O/O SE (MM) AVVNL AJMER,305004,,,,O/O SE (MM) AVVNL AJMER,No,No,16-03-2026 18:00,05-05-2026 15:00,16-03-2026 18:00,04-05-2026 14:00,16-03-2026 18:00,04-05-2026 14:00,16-03-2026 18:00,04-05-2026 14:00,SE (MM) AVVNL AJMER,"O/O SE (MM), AVVNL, VIDYUT BHAWAN, PANCHSHEEL NAGAR, MAKARWALI ROAD, AJMER",C:\Users\SERVER\Documents\NEW PROJECT\etenders_discovery_fresh\data\downloads\2026_AVVNL_537497_1,C:\Users\SERVER\Documents\NEW PROJECT\etenders_discovery_fresh\data\downloads\2026_AVVNL_537497_1\2026_AVVNL_537497_1-NIT.pdf,C:\Users\SERVER\Documents\NEW PROJECT\etenders_discovery_fresh\data\downloads\2026_AVVNL_537497_1\2026_AVVNL_537497_1-ZIP.zip,C:\Users\SERVER\Documents\NEW PROJECT\etenders_discovery_fresh\data\downloads\2026_AVVNL_537497_1\2026_AVVNL_537497_1-ZIP,"2026_AVVNL_537497_1-NIT.pdf, 2026_AVVNL_537497_1-ZIP, 2026_AVVNL_537497_1-ZIP.zip"
https://eproc.rajasthan.gov.in,Ajmer VVNL - MD,https://eproc.rajasthan.gov.in/nicgep/app?component=%24DirectLink&page=FrontEndViewTender&service=direct&session=T&sp=SXfNh4JfMVED3MQMdG1hrRA%3D%3D,Corrigendum Title,10-03-2026 17:00,27-04-2026 14:00,28-04-2026 14:30,"ISI MARKED SINGLE CORE LT XLPE INSULATED AND PVC SHEATHED UN-ARMOURED CABLE OF SIZE 1Cx300, 1CX185, 1CX120 and 1CX70 SQ.MM. UNDER TN - 2105",TN-2105,2026_AVVNL_545032_1,Ajmer VVNL - MD||CE (MM and O and M)||SE - MM||AEN 6,Ajmer VVNL - MD||CE (MM and O and M)||SE - MM||AEN 6,TN-2105,Yes,Open Tender,Item Rate,No,No,Offline,No,No,No,Goods,3,No,SR. AO EA AND CASH AVVNL AJMER,Ajmer,,"1,80,000",,percentage,2.00%,SR. AO EA AND CASH AVVNL AJMER,Ajmer,"ISI MARKED SINGLE CORE LT XLPE INSULATED AND PVC SHEATHED UN-ARMOURED CABLE OF SIZE 1Cx300, 1CX185, 1CX120 and 1CX70 SQ.MM. UNDER TN - 2105","ISI MARKED SINGLE CORE LT XLPE INSULATED AND PVC SHEATHED UN-ARMOURED CABLE OF SIZE 1Cx300, 1CX185, 1CX120 and 1CX70 SQ.MM. UNDER TN - 2105",PLEASE REFER TENDER DOCUMENTS,,"90,00,000",9000000,Tender Value,direct,Electrical Goods/Equipments,,Tender,120,180,O/O SE (MM) AVVNL AJMER,305004,,,,O/O SE (MM) AVVNL AJMER,No,No,10-03-2026 17:00,28-04-2026 14:30,10-03-2026 17:00,27-04-2026 14:00,10-03-2026 17:00,27-04-2026 13:00,10-03-2026 17:00,27-04-2026 14:00,SE (MM) AVVNL AJMER,"O/O SE (MM), AVVNL, VIDYUT BHAWAN, PANCHSHEEL NAGAR, MAKARWALI ROAD, AJMER",C:\Users\SERVER\Documents\NEW PROJECT\etenders_discovery_fresh\data\downloads\2026_AVVNL_545032_1,C:\Users\SERVER\Documents\NEW PROJECT\etenders_discovery_fresh\data\downloads\2026_AVVNL_545032_1\2026_AVVNL_545032_1-NIT.pdf,C:\Users\SERVER\Documents\NEW PROJECT\etenders_discovery_fresh\data\downloads\2026_AVVNL_545032_1\2026_AVVNL_545032_1-ZIP.zip,C:\Users\SERVER\Documents\NEW PROJECT\etenders_discovery_fresh\data\downloads\2026_AVVNL_545032_1\2026_AVVNL_545032_1-ZIP,"2026_AVVNL_545032_1-NIT.pdf, 2026_AVVNL_545032_1-ZIP, 2026_AVVNL_545032_1-ZIP.zip"
https://eproc.rajasthan.gov.in,Ajmer VVNL - MD,https://eproc.rajasthan.gov.in/nicgep/app?component=%24DirectLink&page=FrontEndViewTender&service=direct&session=T&sp=S%2Ffw22tTGgDJrcppIEzQ%2FuQ%3D%3D,Corrigendum Title,30-01-2026 16:00,27-04-2026 17:00,28-04-2026 15:00,Purchase of Three Phase energy meter with box under TN2092.,TN-2092,2026_AVVNL_533668_1,Ajmer VVNL - MD||CE (MM and O and M)||SE - MM||AEN 6,Ajmer VVNL - MD||CE (MM and O and M)||SE - MM||AEN 6,TN-2092,Yes,Open Tender,Item Rate,No,No,Offline,No,No,No,Goods,3,No,SR. AO EA AND CASH AVVNL AJMER and MD RISL JAIPUR,Ajmer and Jaipur,,"30,60,000",,percentage,2.00%,SR. AO EA AND CASH AVVNL AJMER,Ajmer,Purchase of Three Phase energy meter with box under TN2092.,"A.C. STATIC THREE PHASE, FOUR WIRE, HAVING DLMS PROTOCOL WITH OPTICAL PORT and ADDITIONAL RS-232 PORT, 10- 60A RATING WHOLE CURRENT, CLASS 1.0 ACCURACY, KWH ENERGY METERS HAVING POLYCARBONATE METER CASE AND BACKLIT LCD DISPLAY WITH MOLDED POLYCARBONA",PLEASE REFER TENDER DOCUMENTS,,"15,30,00,000",153000000,Tender Value,direct,Electrical Goods/Equipments,Energy meters,Tender,120,210,"SE (MM), AVVNL, VIDYUT BHAWAN, PANCHSHEEL NAGAR, M",305001,,,,"SE (MM), AVVNL, VIDYUT BHAWAN, PANCHSHEEL NAGAR, M",No,No,30-01-2026 16:00,28-04-2026 15:00,30-01-2026 16:00,27-04-2026 17:00,30-01-2026 16:00,27-04-2026 10:00,30-01-2026 16:00,27-04-2026 17:00,"SE (MM), AVVNL, VIDYUT BHAWAN, PANCHSHEEL NAGAR, M","SE (MM), AVVNL, VIDYUT BHAWAN, PANCHSHEEL NAGAR, MAKARWALI ROAD, AJMER",C:\Users\SERVER\Documents\NEW PROJECT\etenders_discovery_fresh\data\downloads\2026_AVVNL_533668_1,C:\Users\SERVER\Documents\NEW PROJECT\etenders_discovery_fresh\data\downloads\2026_AVVNL_533668_1\2026_AVVNL_533668_1-NIT.pdf,C:\Users\SERVER\Documents\NEW PROJECT\etenders_discovery_fresh\data\downloads\2026_AVVNL_533668_1\2026_AVVNL_533668_1-ZIP.zip,C:\Users\SERVER\Documents\NEW PROJECT\etenders_discovery_fresh\data\downloads\2026_AVVNL_533668_1\2026_AVVNL_533668_1-ZIP,"2026_AVVNL_533668_1-NIT.pdf, 2026_AVVNL_533668_1-ZIP, 2026_AVVNL_533668_1-ZIP.zip"
https://eproc.rajasthan.gov.in,Jodhpur VVNL - MD,https://eproc.rajasthan.gov.in/nicgep/app?component=%24DirectLink&page=FrontEndViewTender&service=direct&session=T&sp=SVVsFTtwNe1kX5kwT7rmhpQ%3D%3D,Document Type,20-04-2026 18:20,28-04-2026 12:00,28-04-2026 15:00,33 KV Horn Gap Fuse sets with PI,TN-2151,2026_JdVVN_553127_1,Jodhpur VVNL - MD||CE (HQ)||SE(MM and C)||XEn(MMC-IV),Jodhpur VVNL - MD||CE (HQ)||SE(MM and C)||XEn(MMC-IV),TN-2151,Yes,Open Tender,Item Rate,No,No,Offline,No,No,No,Goods,3,No,Sr_AO_CPC_JDVVNL_JODHPUR and MD_RISL_JAIPUR,Jodhpur and Jaipur,,"1,02,400",,percentage,2.00%,Sr_AO_CPC_JDVVNL_JODHPUR,Jodhpur,33 KV Horn Gap Fuse sets with PI,33 KV HORN GAP FUSE SETS WITH 2X24 KV POST INSULATORS (UN-ASSEMBLED),As per tender documents,,"51,20,000",5120000,Tender Value,direct,Electrical Goods/Equipments,33 KV Horn Gap Fuse sets with PI,Tender,120,150,SE_MMC_JDVVNL_JODHPUR,342001,,,,SE_MMC_JDVVNL_JODHPUR,No,No,20-04-2026 18:20,28-04-2026 15:00,20-04-2026 18:25,28-04-2026 12:00,,,20-04-2026 18:35,28-04-2026 12:00,SE_MMC_JDVVNL_JODHPUR,New Power House Industrial Area Jodhpur,C:\Users\SERVER\Documents\NEW PROJECT\etenders_discovery_fresh\data\downloads\2026_JdVVN_553127_1,C:\Users\SERVER\Documents\NEW PROJECT\etenders_discovery_fresh\data\downloads\2026_JdVVN_553127_1\2026_JdVVN_553127_1-NIT.pdf,C:\Users\SERVER\Documents\NEW PROJECT\etenders_discovery_fresh\data\downloads\2026_JdVVN_553127_1\2026_JdVVN_553127_1-ZIP.zip,C:\Users\SERVER\Documents\NEW PROJECT\etenders_discovery_fresh\data\downloads\2026_JdVVN_553127_1\2026_JdVVN_553127_1-ZIP,"2026_JdVVN_553127_1-NIT.pdf, 2026_JdVVN_553127_1-ZIP, 2026_JdVVN_553127_1-ZIP.zip"
https://eproc.rajasthan.gov.in,Jodhpur VVNL - MD,https://eproc.rajasthan.gov.in/nicgep/app?component=%24DirectLink&page=FrontEndViewTender&service=direct&session=T&sp=SFyRY1YqK8VBQFbxiRfhuMw%3D%3D,Document Type,16-04-2026 15:00,15-05-2026 12:00,15-05-2026 15:00,33/11 KV SUB-STATION STRUCTURE SET (Rural),TN_2141,2026_JdVVN_552046_1,Jodhpur VVNL - MD||CE (HQ)||SE(MM and C)||XEn(MMC-III),Jodhpur VVNL - MD||CE (HQ)||SE(MM and C)||XEn(MMC-III),TN_2141,Yes,Open Tender,Item Rate,No,No,Offline,No,No,No,Goods,3,No,Sr_AO_CASH_CPC_JODHPUR AND MD_RISL_JAIPUR,JODHPUR AND JAIPUR,,"4,19,228",,percentage,2.00%,Sr_AO_CASH_CPC_JODHPUR,JODHPUR,33/11 KV SUB-STATION STRUCTURE SET (Rural),33/11 KV SUB-STATION STRUCTURE SET (Rural),Please refer Tender documents.,,"2,09,61,387",20961387,Tender Value,direct,Electrical Goods/Equipments,,Tender,120,240,"NEW POWER HOUSE , INDUSTRIAL AREA ,JODHPUR",342003,,,,"NEW POWER HOUSE , INDUSTRIAL AREA ,JODHPUR",No,No,16-04-2026 15:00,15-05-2026 15:00,16-04-2026 16:00,15-05-2026 12:00,,,16-04-2026 16:00,15-05-2026 12:00,SUPERINTENDING ENGINEER (MMC),"NEW POWER HOUSE , INDUSTRIAL AREA ,JODHPUR",C:\Users\SERVER\Documents\NEW PROJECT\etenders_discovery_fresh\data\downloads\2026_JdVVN_552046_1,C:\Users\SERVER\Documents\NEW PROJECT\etenders_discovery_fresh\data\downloads\2026_JdVVN_552046_1\2026_JdVVN_552046_1-NIT.pdf,C:\Users\SERVER\Documents\NEW PROJECT\etenders_discovery_fresh\data\downloads\2026_JdVVN_552046_1\2026_JdVVN_552046_1-ZIP.zip,C:\Users\SERVER\Documents\NEW PROJECT\etenders_discovery_fresh\data\downloads\2026_JdVVN_552046_1\2026_JdVVN_552046_1-ZIP,"2026_JdVVN_552046_1-NIT.pdf, 2026_JdVVN_552046_1-ZIP, 2026_JdVVN_552046_1-ZIP.zip"
https://eproc.rajasthan.gov.in,Jodhpur VVNL - MD,https://eproc.rajasthan.gov.in/nicgep/app?component=%24DirectLink&page=FrontEndViewTender&service=direct&session=T&sp=SSwO2QXsPGtsmILomkNFtIQ%3D%3D,Document Type,16-04-2026 09:00,20-05-2026 12:00,20-05-2026 15:00,GALVANISED M. S. ROD TYPE EARTHING SET WITH CLAMPS AND G.I. WIRE,TN_2140,2026_JdVVN_552020_1,Jodhpur VVNL - MD||CE (HQ)||SE(MM and C)||XEn(MMC-III),Jodhpur VVNL - MD||CE (HQ)||SE(MM and C)||XEn(MMC-III),TN_2140,Yes,Open Tender,Item Rate,No,No,Offline,No,No,No,Goods,3,No,Sr_AO_CASH_CPC_JODHPUR AND MD_RISL_JAIPUR,JODHPUR AND JAIPUR,,"13,97,120",,percentage,2.00%,Sr_AO_CASH_CPC_JdVVNL_JODHPUR,JODHPUR,GALVANISED M. S. ROD TYPE EARTHING SET WITH CLAMPS AND G.I. WIRE,GALVANISED M. S. ROD TYPE EARTHING SET WITH CLAMPS AND G.I. WIRE,PLEASE REFER TENDER DOCUMENT,,"6,98,56,000",69856000,Tender Value,direct,Electrical Goods/Equipments,,Tender,120,240,NEW POWER HOUSE INDUSTRIAL AREA JODHPUR,342003,,,,NEW POWER HOUSE INDUSTRIAL AREA JODHPUR,No,No,16-04-2026 09:00,20-05-2026 15:00,16-04-2026 11:00,20-05-2026 12:00,,,16-04-2026 12:00,20-05-2026 12:00,SUPERINTENDING ENGINEER (MMC),NEW POWER HOUSE INDUSTRIAL AREA JODHPUR,C:\Users\SERVER\Documents\NEW PROJECT\etenders_discovery_fresh\data\downloads\2026_JdVVN_552020_1,C:\Users\SERVER\Documents\NEW PROJECT\etenders_discovery_fresh\data\downloads\2026_JdVVN_552020_1\2026_JdVVN_552020_1-NIT.pdf,C:\Users\SERVER\Documents\NEW PROJECT\etenders_discovery_fresh\data\downloads\2026_JdVVN_552020_1\2026_JdVVN_552020_1-ZIP.zip,C:\Users\SERVER\Documents\NEW PROJECT\etenders_discovery_fresh\data\downloads\2026_JdVVN_552020_1\2026_JdVVN_552020_1-ZIP,"2026_JdVVN_552020_1-NIT.pdf, 2026_JdVVN_552020_1-ZIP, 2026_JdVVN_552020_1-ZIP.zip"
https://eproc.rajasthan.gov.in,Jodhpur VVNL - MD,https://eproc.rajasthan.gov.in/nicgep/app?component=%24DirectLink&page=FrontEndViewTender&service=direct&session=T&sp=S3JF0u4wZ1HeJVO77LNwUyg%3D%3D,Document Type,11-04-2026 09:15,24-04-2026 12:00,24-04-2026 15:00,"HARDWARE FITTINGS FOR 11KV ,45 KN DISC INSULATOR B AND S TYPE",TN2148,2026_JdVVN_551049_1,Jodhpur VVNL - MD||CE (HQ)||SE(MM and C)||XEn(MMC-II),Jodhpur VVNL - MD||CE (HQ)||SE(MM and C)||XEn(MMC-II),TN2148,Yes,Open Tender,Item Rate,No,No,Offline,No,No,No,Goods,3,No,SR_AO_CASH_ CPC_JdVVNL AND _MD_RISL,Jodhpur_Jaipur,,"1,62,403",,percentage,2.00%,SR_AO_CASH_ CPC_JdVVNL,Jodhpur,"HARDWARE FITTINGS FOR 11KV ,45 KN DISC INSULATOR B AND S TYPE",As per Technical specification,Please refer Tender documents.,,"81,20,140",8120140,Tender Value,direct,Electrical Goods/Equipments,,Tender,120,,Jodhpur Discom,342003,,,,Jodhpur,No,No,11-04-2026 09:15,24-04-2026 15:00,11-04-2026 09:20,24-04-2026 12:00,,,11-04-2026 09:40,24-04-2026 12:00,SEMMC,NEW POWER HOUSE,C:\Users\SERVER\Documents\NEW PROJECT\etenders_discovery_fresh\data\downloads\2026_JdVVN_551049_1,C:\Users\SERVER\Documents\NEW PROJECT\etenders_discovery_fresh\data\downloads\2026_JdVVN_551049_1\2026_JdVVN_551049_1-NIT.pdf,C:\Users\SERVER\Documents\NEW PROJECT\etenders_discovery_fresh\data\downloads\2026_JdVVN_551049_1\2026_JdVVN_551049_1-ZIP.zip,C:\Users\SERVER\Documents\NEW PROJECT\etenders_discovery_fresh\data\downloads\2026_JdVVN_551049_1\2026_JdVVN_551049_1-ZIP,"2026_JdVVN_551049_1-NIT.pdf, 2026_JdVVN_551049_1-ZIP, 2026_JdVVN_551049_1-ZIP.zip"
https://eproc.rajasthan.gov.in,Jodhpur VVNL - MD,https://eproc.rajasthan.gov.in/nicgep/app?component=%24DirectLink&page=FrontEndViewTender&service=direct&session=T&sp=SDs%2F2cYODMUvX%2Bt9u641dBA%3D%3D,Document Type,11-04-2026 09:15,28-04-2026 12:00,28-04-2026 15:00,11 KV 45 KN PORCELAIN DISC INSULATORS B AND S TYPE,TN2146,2026_JdVVN_551044_1,Jodhpur VVNL - MD||CE (HQ)||SE(MM and C)||XEn(MMC-II),Jodhpur VVNL - MD||CE (HQ)||SE(MM and C)||XEn(MMC-II),TN2146,Yes,Open Tender,Item Rate,No,No,Offline,No,No,No,Goods,3,No,SR_AO_CASH_ CPC_JdVVNL AND _MD_RISL,Jodhpur_Jaipur,,"2,02,071",,percentage,2.00%,SR_AO_CASH_ CPC_JdVVNL,jODHPUR,11 KV 45 KN PORCELAIN DISC INSULATORS B AND S TYPE,Technical specification,Please refer Tender documents.,,"1,01,03,550",10103550,Tender Value,direct,Electrical Goods/Equipments,,Tender,120,270,Jodhpur Discom,342003,,,,Jodhpur,No,No,11-04-2026 09:15,28-04-2026 15:00,11-04-2026 09:30,28-04-2026 12:00,,,11-04-2026 09:40,28-04-2026 12:00,SEMMC,NEW POWER HOUSE,C:\Users\SERVER\Documents\NEW PROJECT\etenders_discovery_fresh\data\downloads\2026_JdVVN_551044_1,C:\Users\SERVER\Documents\NEW PROJECT\etenders_discovery_fresh\data\downloads\2026_JdVVN_551044_1\2026_JdVVN_551044_1-NIT.pdf,C:\Users\SERVER\Documents\NEW PROJECT\etenders_discovery_fresh\data\downloads\2026_JdVVN_551044_1\2026_JdVVN_551044_1-ZIP.zip,C:\Users\SERVER\Documents\NEW PROJECT\etenders_discovery_fresh\data\downloads\2026_JdVVN_551044_1\2026_JdVVN_551044_1-ZIP,"2026_JdVVN_551044_1-NIT.pdf, 2026_JdVVN_551044_1-ZIP, 2026_JdVVN_551044_1-ZIP.zip"
https://eproc.rajasthan.gov.in,Jodhpur VVNL - MD,https://eproc.rajasthan.gov.in/nicgep/app?component=%24DirectLink&page=FrontEndViewTender&service=direct&session=T&sp=Sy8%2BLHzAFjEv97wbjhm83hg%3D%3D,Document Type,11-04-2026 09:00,30-04-2026 12:00,30-04-2026 15:00,G.S. STAY WIRE SIZE7/10 SWG ( 7/3.15 mm) and 7/8 SWG ( 7/4 mm),TN2144,2026_JdVVN_551041_1,Jodhpur VVNL - MD||CE (HQ)||SE(MM and C)||XEn(MMC-II),Jodhpur VVNL - MD||CE (HQ)||SE(MM and C)||XEn(MMC-II),TN2144,Yes,Open Tender,Item Wise,No,No,Offline,No,No,No,Goods,3,No,SR_AO_CASH_ CPC_JdVVNL AND _MD_RISL,Jodhpur_Jaipur,,"25,66,500",,percentage,2.00%,SR_AO_CASH_ CPC_JdVVNL,JODHPUR,G.S. STAY WIRE SIZE7/10 SWG ( 7/3.15 mm) and 7/8 SWG ( 7/4 mm),As per tender specification,Please refer Tender documents.,,"12,83,24,985",128324985,Tender Value,direct,Electrical Goods/Equipments,,Tender,120,,Jodhpur Discom,342003,,,,Jodhpur,No,No,11-04-2026 09:00,30-04-2026 15:00,11-04-2026 09:15,30-04-2026 12:00,,,11-04-2026 09:30,30-04-2026 12:00,SEMMC,NEW POWER HOUSE,C:\Users\SERVER\Documents\NEW PROJECT\etenders_discovery_fresh\data\downloads\2026_JdVVN_551041_1,C:\Users\SERVER\Documents\NEW PROJECT\etenders_discovery_fresh\data\downloads\2026_JdVVN_551041_1\2026_JdVVN_551041_1-NIT.pdf,C:\Users\SERVER\Documents\NEW PROJECT\etenders_discovery_fresh\data\downloads\2026_JdVVN_551041_1\2026_JdVVN_551041_1-ZIP.zip,C:\Users\SERVER\Documents\NEW PROJECT\etenders_discovery_fresh\data\downloads\2026_JdVVN_551041_1\2026_JdVVN_551041_1-ZIP,"2026_JdVVN_551041_1-NIT.pdf, 2026_JdVVN_551041_1-ZIP, 2026_JdVVN_551041_1-ZIP.zip"
https://eproc.rajasthan.gov.in,JVVNL - CMD,https://eproc.rajasthan.gov.in/nicgep/app?component=%24DirectLink&page=FrontEndViewTender&service=direct&session=T&sp=SOhCKeOk%2B1faNScIcEHfCLw%3D%3D,Document Type,15-04-2026 18:00,13-05-2026 17:00,14-05-2026 16:00,supply of composite polymer disc for 11 KV 45 KN T and C type insulators,TN-5078,2026_JVVNL_551883_1,JVVNL - CMD||CE - MM||SE - Proc||Junior En.,JVVNL - CMD||CE - MM||SE - Proc||Junior En.,TN-5078,Yes,Open Tender,Item Wise,No,No,Offline,No,No,No,Goods,3,No,"AO MM JVVNL, JAIPUR AND MD RISL",Jaipur,,"3,37,500",,percentage,2.00%,"AO MM JVVNL, JAIPUR",Jaipur,supply of composite polymer disc for 11 KV 45 KN T and C type insulators,supply of composite polymer disc for 11 KV 45 KN T and C type insulators,As Per Technical Specification,,"1,68,75,000",16875000,Tender Value,direct,Electrical Goods/Equipments,,Tender,120,210,JAIPUR DISCOM JURISDICTION,302006,,,,JAIPUR,No,No,15-04-2026 18:00,14-05-2026 16:00,15-04-2026 18:00,13-05-2026 17:00,,,22-04-2026 11:00,13-05-2026 17:00,"SE MM-I, JVVNL, JAIPUR","OLD POWER HOUSE PREMISES, NEAR RAM MANDIR , BANIPARK, JAIPUR",C:\Users\SERVER\Documents\NEW PROJECT\etenders_discovery_fresh\data\downloads\2026_JVVNL_551883_1,C:\Users\SERVER\Documents\NEW PROJECT\etenders_discovery_fresh\data\downloads\2026_JVVNL_551883_1\2026_JVVNL_551883_1-NIT.pdf,C:\Users\SERVER\Documents\NEW PROJECT\etenders_discovery_fresh\data\downloads\2026_JVVNL_551883_1\2026_JVVNL_551883_1-ZIP.zip,C:\Users\SERVER\Documents\NEW PROJECT\etenders_discovery_fresh\data\downloads\2026_JVVNL_551883_1\2026_JVVNL_551883_1-ZIP,"2026_JVVNL_551883_1-NIT.pdf, 2026_JVVNL_551883_1-ZIP, 2026_JVVNL_551883_1-ZIP.zip"
https://eproc.rajasthan.gov.in,JVVNL - CMD,https://eproc.rajasthan.gov.in/nicgep/app?component=%24DirectLink&page=FrontEndViewTender&service=direct&session=T&sp=Sw%2BY8baAyXayiD%2FdLyRv6HQ%3D%3D,Document Type,15-04-2026 12:45,07-05-2026 17:00,08-05-2026 15:00,"Supply of LT PVC Cable of size 4Cx50, 4Cx25, 4Cx16, 4CX10, 4CX6 Sq mm TN-5032",TN-5032,2026_JVVNL_551689_1,JVVNL - CMD||CE - MM||SE - Proc,JVVNL - CMD||CE - MM||SE - Proc,TN-5032,Yes,Open Tender,Item Wise,No,No,Offline,No,No,No,Goods,3,Yes,"AO MM JVVNL, JAIPUR AND MD RISL",Jaipur,,"18,17,220",,percentage,2.00%,"AO MM, JVVNL, Jaipur",Jaipur,"Supply of LT PVC Cable of size 4Cx50, 4Cx25, 4Cx16, 4CX10, 4CX6 Sq mm TN-5032","4Cx50, 4Cx25, 4Cx16, 4CX10, 4CX6 Sq mm LT PVC INSULATED PVC SHEATHED ARMOURED CABLES WITH ALUMINIUM CONDUCTOR AGAINST TN-5032",Please refer Tender documents.,,"9,08,60,995",90860995,Tender Value,direct,Electrical Goods/Equipments,,Tender,120,210,JAIPUR DISCOM JURISDICTION,302006,,,,JAIPUR ONLINE,No,No,15-04-2026 12:45,08-05-2026 15:00,15-04-2026 15:00,07-05-2026 17:00,,,16-04-2026 11:00,07-05-2026 17:00,"SE MM-I, JVVNL, JAIPUR","OLD POWER HOUSE PREMISES, NEAR RAM MANDIR , BANIPARK, JAIPUR",C:\Users\SERVER\Documents\NEW PROJECT\etenders_discovery_fresh\data\downloads\2026_JVVNL_551689_1,C:\Users\SERVER\Documents\NEW PROJECT\etenders_discovery_fresh\data\downloads\2026_JVVNL_551689_1\2026_JVVNL_551689_1-NIT.pdf,C:\Users\SERVER\Documents\NEW PROJECT\etenders_discovery_fresh\data\downloads\2026_JVVNL_551689_1\2026_JVVNL_551689_1-ZIP.zip,C:\Users\SERVER\Documents\NEW PROJECT\etenders_discovery_fresh\data\downloads\2026_JVVNL_551689_1\2026_JVVNL_551689_1-ZIP,"2026_JVVNL_551689_1-NIT.pdf, 2026_JVVNL_551689_1-ZIP, 2026_JVVNL_551689_1-ZIP.zip"
https://eproc.rajasthan.gov.in,JVVNL - CMD,https://eproc.rajasthan.gov.in/nicgep/app?component=%24DirectLink&page=FrontEndViewTender&service=direct&session=T&sp=SCb4Zu%2BWm3lUiwbhNauONUw%3D%3D,Document Type,13-04-2026 18:00,06-05-2026 17:00,07-05-2026 16:00,supply of 11 KV 45 KN Disc Insulator Tand c type and B and S type Disc insulator (Porcelain type),TN-5062,2026_JVVNL_551608_1,JVVNL - CMD||CE - MM||SE - Proc||Junior En.,JVVNL - CMD||CE - MM||SE - Proc||Junior En.,TN-5062,Yes,Open Tender,Item Wise,No,No,Offline,No,No,No,Goods,3,Yes,"AO MM JVVNL, JAIPUR AND MD RISL",Jaipur,,"13,46,026",,percentage,2.00%,"AO MM JVVNL, JAIPUR",Jaipur,supply of 11 KV 45 KN Disc Insulator Tand c type and B and S type Disc insulator (Porcelain type),upply of 11 KV 45 KN Disc Insulator Tand c type and B and S type Disc insulator (Porcelain type),As Per Technical Specification,,"6,73,01,300",67301300,Tender Value,direct,Electrical Goods/Equipments,,Tender,120,210,JAIPUR DISCOM JURISDICTION,302006,,,,JAIPUR,No,No,13-04-2026 18:00,07-05-2026 16:00,13-04-2026 18:00,06-05-2026 17:00,,,20-04-2026 11:00,06-05-2026 17:00,"SE MM-I, JVVNL, JAIPUR","OLD POWER HOUSE PREMISES, NEAR RAM MANDIR , BANIPARK, JAIPUR",C:\Users\SERVER\Documents\NEW PROJECT\etenders_discovery_fresh\data\downloads\2026_JVVNL_551608_1,C:\Users\SERVER\Documents\NEW PROJECT\etenders_discovery_fresh\data\downloads\2026_JVVNL_551608_1\2026_JVVNL_551608_1-NIT.pdf,C:\Users\SERVER\Documents\NEW PROJECT\etenders_discovery_fresh\data\downloads\2026_JVVNL_551608_1\2026_JVVNL_551608_1-ZIP.zip,C:\Users\SERVER\Documents\NEW PROJECT\etenders_discovery_fresh\data\downloads\2026_JVVNL_551608_1\2026_JVVNL_551608_1-ZIP,"2026_JVVNL_551608_1-NIT.pdf, 2026_JVVNL_551608_1-ZIP, 2026_JVVNL_551608_1-ZIP.zip"
https://eproc.rajasthan.gov.in,JVVNL - CMD,https://eproc.rajasthan.gov.in/nicgep/app?component=%24DirectLink&page=FrontEndViewTender&service=direct&session=T&sp=SgJ%2F3CW4ww3t1mvh3716oVw%3D%3D,Corrigendum Title,25-03-2026 18:00,22-04-2026 17:00,23-04-2026 16:00,11 KV RING MAIN UNITS,TN-3007,2026_JVVNL_548515_1,JVVNL - CMD||CE - MM||SE-MM,JVVNL - CMD||CE - MM||SE-MM,TN-3007,Yes,Open Tender,Item Wise,No,No,Offline,No,No,No,Goods,3,Yes,As per tender documents,Jaipur,,"41,00,320",,percentage,2.00%,As per tender documents,Jaipur,11 KV RING MAIN UNITS,PURCHASE OF 11 KV RING MAIN UNITS,As per tender documents,,"20,50,16,000",205016000,Tender Value,direct,Electrical Goods/Equipments,,Tender,120,240,Jaipur Discom,302006,,,,Jaipur Online,No,No,25-03-2026 18:00,23-04-2026 16:00,25-03-2026 18:00,22-04-2026 17:00,,,26-03-2026 17:00,22-04-2026 17:00,SE(MM-II)/SPO-V,"Superintending Engineer (MM-II) Jaipur VidyutVitran Nigam Limited, Old Power House Premises, Bani Park, Jaipur-302006",C:\Users\SERVER\Documents\NEW PROJECT\etenders_discovery_fresh\data\downloads\2026_JVVNL_548515_1,C:\Users\SERVER\Documents\NEW PROJECT\etenders_discovery_fresh\data\downloads\2026_JVVNL_548515_1\2026_JVVNL_548515_1-NIT.pdf,C:\Users\SERVER\Documents\NEW PROJECT\etenders_discovery_fresh\data\downloads\2026_JVVNL_548515_1\2026_JVVNL_548515_1-ZIP.zip,C:\Users\SERVER\Documents\NEW PROJECT\etenders_discovery_fresh\data\downloads\2026_JVVNL_548515_1\2026_JVVNL_548515_1-ZIP,"2026_JVVNL_548515_1-NIT.pdf, 2026_JVVNL_548515_1-ZIP, 2026_JVVNL_548515_1-ZIP.zip"
https://eproc.rajasthan.gov.in,JVVNL - CMD,https://eproc.rajasthan.gov.in/nicgep/app?component=%24DirectLink&page=FrontEndViewTender&service=direct&session=T&sp=SrCey5cbQfALkOy4PM7rXVA%3D%3D,Corrigendum Title,23-03-2026 17:45,14-05-2026 17:00,15-05-2026 15:00,Supply of TWO CORE LT PVC INSULATED PVC SHEATHED ARMOURED CABLES WITH ALUMINIUM 2CX4 Sq mm Cable,TN-5072,2026_JVVNL_548058_1,JVVNL - CMD||CE - MM||SE - Proc,JVVNL - CMD||CE - MM||SE - Proc,TN-5072,Yes,Open Tender,Item Wise,No,No,Offline,No,No,No,Goods,3,Yes,"AO MM JVVNL, JAIPUR AND MD RISL",Jaipur,,"88,57,897",,percentage,2.00%,"AO MM JVVNL, JAIPUR",Jaipur,Supply of TWO CORE LT PVC INSULATED PVC SHEATHED ARMOURED CABLES WITH ALUMINIUM 2CX4 Sq mm Cable,TWO CORE LT PVC INSULATED PVC SHEATHED ARMOURED CABLES WITH ALUMINIUM 2CX4 Sq mm Cable,As per Technical Specification,,"44,28,94,860",442894860,Tender Value,direct,Electrical Goods/Equipments,,Tender,120,210,JAIPUR DISCOM JURISDICTION,302006,,,,JAIPUR ONLINE,No,No,23-03-2026 17:45,15-05-2026 15:00,24-03-2026 15:00,14-05-2026 17:00,,,24-03-2026 17:00,14-05-2026 17:00,"SE MM-I, JVVNL, JAIPUR","OLD POWER HOUSE PREMISES, NEAR RAM MANDIR , BANIPARK, JAIPUR",C:\Users\SERVER\Documents\NEW PROJECT\etenders_discovery_fresh\data\downloads\2026_JVVNL_548058_1,C:\Users\SERVER\Documents\NEW PROJECT\etenders_discovery_fresh\data\downloads\2026_JVVNL_548058_1\2026_JVVNL_548058_1-NIT.pdf,C:\Users\SERVER\Documents\NEW PROJECT\etenders_discovery_fresh\data\downloads\2026_JVVNL_548058_1\2026_JVVNL_548058_1-ZIP.zip,C:\Users\SERVER\Documents\NEW PROJECT\etenders_discovery_fresh\data\downloads\2026_JVVNL_548058_1\2026_JVVNL_548058_1-ZIP,"2026_JVVNL_548058_1-NIT.pdf, 2026_JVVNL_548058_1-ZIP, 2026_JVVNL_548058_1-ZIP.zip"
https://eproc.rajasthan.gov.in,JVVNL - CMD,https://eproc.rajasthan.gov.in/nicgep/app?component=%24DirectLink&page=FrontEndViewTender&service=direct&session=T&sp=SrAjV3Blafe8w3cZ%2Bpw1hzw%3D%3D,Document Type,27-02-2026 17:00,22-04-2026 17:00,23-04-2026 16:00,Supply of 11 KV Pin Insulator (Polymer),TN-5077,2026_JVVNL_542020_1,JVVNL - CMD||CE - MM||SE - Proc||Junior En.,JVVNL - CMD||CE - MM||SE - Proc||Junior En.,TN-5077,Yes,Open Tender,Item Wise,No,No,Offline,No,No,No,Goods,3,Yes,"AO MM JVVNL, JAIPUR AND MD RISL",Jaipur,,"7,11,850",,percentage,2.00%,"AO MM JVVNL, JAIPUR",Jaipur,Supply of 11 KV Pin Insulator (Polymer),11 KV Pin Insulator (Polymer),As Per Technical Specification,,"3,55,92,500",35592500,Tender Value,direct,Electrical Goods/Equipments,,Tender,120,300,JAIPUR DISCOM JURISDICTION,302006,,,,"SE MM-I, JVVNL, JAIPUR",No,No,27-02-2026 17:00,23-04-2026 16:00,27-02-2026 18:00,22-04-2026 17:00,,,03-04-2026 17:00,22-04-2026 17:00,"SE MM-I, JVVNL, JAIPUR","OLD POWER HOUSE PREMISES, NEAR RAM MANDIR , BANIPARK, JAIPUR",C:\Users\SERVER\Documents\NEW PROJECT\etenders_discovery_fresh\data\downloads\2026_JVVNL_542020_1,C:\Users\SERVER\Documents\NEW PROJECT\etenders_discovery_fresh\data\downloads\2026_JVVNL_542020_1\2026_JVVNL_542020_1-NIT.pdf,C:\Users\SERVER\Documents\NEW PROJECT\etenders_discovery_fresh\data\downloads\2026_JVVNL_542020_1\2026_JVVNL_542020_1-ZIP.zip,C:\Users\SERVER\Documents\NEW PROJECT\etenders_discovery_fresh\data\downloads\2026_JVVNL_542020_1\2026_JVVNL_542020_1-ZIP,"2026_JVVNL_542020_1-NIT.pdf, 2026_JVVNL_542020_1-ZIP, 2026_JVVNL_542020_1-ZIP.zip"
https://eproc.rajasthan.gov.in,RRVUN - CMD,https://eproc.rajasthan.gov.in/nicgep/app?component=%24DirectLink&page=FrontEndViewTender&service=direct&session=T&sp=S1cIES9aGqKmyWkjQ1tZC7Q%3D%3D,Document Type,16-04-2026 12:00,27-04-2026 11:30,28-04-2026 11:30,"TN-SSP-66 Supply of spares of SWIFT Make Electric Wire Rope Hoists, installed in Boiler Rotary Parts and Milling System of Unit 1 to 5 at SSTPS, Suratgarh",TN-SSP-66,2026_RRVUN_552097_1,"RRVUN - CMD||RVUN - CE (SSTPS), Suratgarh","RRVUN - CMD||RVUN - CE (SSTPS), Suratgarh",TN-SSP-66,Yes,Single,Item Wise,No,No,Offline,No,No,No,Goods,1,No,"Senior Accounts Officer,STPS,Suratgarh",Suratgarh,,0,,fixed,,Nil,Nil,"TN-SSP-66 Supply of spares of SWIFT Make Electric Wire Rope Hoists, installed in Boiler Rotary Parts and Milling System of Unit 1 to 5 at SSTPS, Suratgarh","Supply of spares of SWIFT Make Electric Wire Rope Hoists, installed in Boiler Rotary Parts and Milling System of Unit 1 to 5 at SSTPS, Suratgarh",As per tender documents,,,,Unknown,doubt_bad,Miscellaneous Goods,spares of SWIFT Make Electric Wire Rope Hoists,Empanelment,120,90,o/o Superintending Engineer (Proc.),335804,,,,"o/oSuperintending Engineer (Proc.),STPS,Suratgarh",No,No,16-04-2026 12:00,28-04-2026 11:30,16-04-2026 12:00,27-04-2026 11:30,,,16-04-2026 12:00,27-04-2026 11:30,o/o Superintending Engineer (Proc.),"o/o Superintending Engineer (Proc.) STPS,Suratagrh",C:\Users\SERVER\Documents\NEW PROJECT\etenders_discovery_fresh\data\downloads\2026_RRVUN_552097_1,C:\Users\SERVER\Documents\NEW PROJECT\etenders_discovery_fresh\data\downloads\2026_RRVUN_552097_1\2026_RRVUN_552097_1-NIT.pdf,C:\Users\SERVER\Documents\NEW PROJECT\etenders_discovery_fresh\data\downloads\2026_RRVUN_552097_1\2026_RRVUN_552097_1-ZIP.zip,C:\Users\SERVER\Documents\NEW PROJECT\etenders_discovery_fresh\data\downloads\2026_RRVUN_552097_1\2026_RRVUN_552097_1-ZIP,"2026_RRVUN_552097_1-NIT.pdf, 2026_RRVUN_552097_1-ZIP, 2026_RRVUN_552097_1-ZIP.zip"
https://eproc.rajasthan.gov.in,RRVUN - CMD,https://eproc.rajasthan.gov.in/nicgep/app?component=%24DirectLink&page=FrontEndViewTender&service=direct&session=T&sp=SntJxy3nTFKX3w7V3RF3rbw%3D%3D,Corrigendum Title,10-01-2026 12:00,27-04-2026 14:00,28-04-2026 11:00,TN-61-2025-26-HT Cables,TN-61/2025-26,2026_RRVUN_526647_1,RRVUN - CMD||RVUN - CE (TD) - Jaipur,RRVUN - CMD||RVUN - CE (TD) - Jaipur,TN-61/2025-26,Yes,Open Tender,Item Wise,No,Yes,Offline,No,No,No,Goods,3,No,RAJASTHAN RAJYA VIDYUT UTPADAN,Jaipur,,"10,90,000",,fixed,,RAJASTHAN RAJYA VIDYUT UTPADAN,Jaipur,TN-61-2025-26-HT Cables,PROCUREMENT OF HT CABLES FOR VARIOUS POWER PLANTS OF RVUN AGAINST TN-61/2025-26.,As per tender documents.,,"5,45,00,000",54500000,Tender Value,direct,Electrical Goods/Equipments,HT Power Cables,Tender,180,120,Various plants of RVUN,302015,,,,"S.E. (TD-III), Room No. 605, LIC Building, Lal Kot",No,No,10-01-2026 12:00,28-04-2026 11:00,10-01-2026 12:00,27-04-2026 14:00,10-01-2026 12:00,19-01-2026 16:00,10-01-2026 12:00,27-04-2026 14:00,"S.E., TD-III, RRVUN, Jaipur","Plot No. DC-03, Room No. 602, Hall No.-1, 6th Floor, Jeevan Deep, LIC Building, Lalkothi, Tonk Road, Jaipur-302015",C:\Users\SERVER\Documents\NEW PROJECT\etenders_discovery_fresh\data\downloads\2026_RRVUN_526647_1,C:\Users\SERVER\Documents\NEW PROJECT\etenders_discovery_fresh\data\downloads\2026_RRVUN_526647_1\2026_RRVUN_526647_1-NIT.pdf,C:\Users\SERVER\Documents\NEW PROJECT\etenders_discovery_fresh\data\downloads\2026_RRVUN_526647_1\2026_RRVUN_526647_1-ZIP.zip,C:\Users\SERVER\Documents\NEW PROJECT\etenders_discovery_fresh\data\downloads\2026_RRVUN_526647_1\2026_RRVUN_526647_1-ZIP,"2026_RRVUN_526647_1-NIT.pdf, 2026_RRVUN_526647_1-ZIP, 2026_RRVUN_526647_1-ZIP.zip"
